"OUTCOME High/Low LC, LP, BP",Experimental Metabolic Strategy,Growth Phase,Cultivation Scale,Temperature,Light Intensity,Agitation,Photoperiods,Growth Period,CO2 Supply,Air Supply,N,P,inorganic C,organic C,Salinity,K,Ca,Fe,Co,Cu,EDTANa,Na2EDTA,EDTAFeNa,pH,Cultivation Mode,Na2MGEDTA,EDTA,Seed Metabolic Strategy,Inorganic C Source,Organic C Source,N Source,pH Control Strategy,pH Regulators,Stage Phase Strategy,Lamp Color,Culture Medium,Lamp Type,Inoculum Concentration,Chlorella Strain
HL,photoautotrophic,stationary,5,27,37,0,14,18,0,no,0.041253,0.053215,0,0,0.000983,0.105534,0.000682,0.001,0.000099,0.0004,0,0.05,0,,batch,0,yes,photoautotrophic,none,none,sodium nitrate,initial,none,single-stage,,BBM,,0.15,Chlorella sp
HL,photoautotrophic,stationary,1,27,37,0,14,18,0,no,0.041253,0.053215,0,0,0.000983,0.105534,0.000682,0.001,0.000099,0.0004,0,0.05,0,,batch,0,yes,photoautotrophic,none,none,sodium nitrate,initial,none,single-stage,,BBM,,0.15,Chlorella sp
LL,photoautotrophic,stationary,"0,4",30,120,0,24,28,0.04,yes,1.562682,0.532381,0.22731,0,0,0.55659,0.339425,0,0,0,0.225,0,0.225,7,batch,0,yes,photoautotrophic,"sodium bicarbonate, carbon dioxide",none,sodium nitrate,initial,none,single-stage,white,JM,,0.12,Chlorella sp
LL,photoautotrophic,stationary,"0,4",30,120,0,24,28,20,yes,1.562682,0.532381,0.22731,0,0,0.55659,0.339425,0,0,0,0.225,0,0.225,7,batch,0,yes,photoautotrophic,"sodium bicarbonate, carbon dioxide",none,sodium nitrate,initial,none,single-stage,white,JM,,0.12,Chlorella sp
LL,photoautotrophic,stationary,"0,4",30,120,0,24,28,40,yes,1.562682,0.532381,0.22731,0,0,0.55659,0.339425,0,0,0,0.225,0,0.225,7,batch,0,yes,photoautotrophic,"sodium bicarbonate, carbon dioxide",none,sodium nitrate,initial,none,single-stage,white,JM,,0.12,Chlorella sp
HL,photoautotrophic,stationary,,28,95,0,16,15,0,no,0.248045,0.00712,0.002266,0.003906,0,0.017955,0.009815,0.000642,0.00001,0.00002,0,0.001,0,,batch,0,yes,photoautotrophic,sodium carbonate,none,sodium nitrate,initial,none,single-stage,,BG11,,0.01,Chlorella sp
HL,photoautotrophic,stationary,,28,95,0,16,30,0,no,0.248045,0.00712,0.002266,0.003906,0,0.017955,0.009815,0.000642,0.00001,0.00002,0,0.001,0,,batch,0,yes,photoautotrophic,sodium carbonate,none,sodium nitrate,initial,none,single-stage,,BG11,,0.01,Chlorella sp
HL,photoautotrophic,stationary,,28,95,0,16,45,0,no,0.248045,0.00712,0.002266,0.003906,0,0.017955,0.009815,0.000642,0.00001,0.00002,0,0.001,0,,batch,0,yes,photoautotrophic,sodium carbonate,none,sodium nitrate,initial,none,single-stage,,BG11,,0.01,Chlorella sp
HL,photoautotrophic,stationary,,28,95,0,16,15,0,no,0.041253,0.053215,0,0,0.000983,0.105534,0.000682,0.001,0.000099,0.0004,0,0.05,0,,batch,0,yes,photoautotrophic,none,none,sodium nitrate,initial,none,single-stage,,BBM,,0.01,Chlorella sp
LL,photoautotrophic,stationary,,28,95,0,16,30,0,no,0.041253,0.053215,0,0,0.000983,0.105534,0.000682,0.001,0.000099,0.0004,0,0.05,0,,batch,0,yes,photoautotrophic,none,none,sodium nitrate,initial,none,single-stage,,BBM,,0.01,Chlorella sp
LL,photoautotrophic,stationary,,28,95,0,16,45,0,no,0.041253,0.053215,0,0,0.000983,0.105534,0.000682,0.001,0.000099,0.0004,0,0.05,0,,batch,0,yes,photoautotrophic,none,none,sodium nitrate,initial,none,single-stage,,BBM,,0.01,Chlorella sp
HL,photoautotrophic,stationary,,28,95,0,16,15,0,no,3.928633,0.008173,0,0,0,0.016589,0.545262,0.00002,0.000008,0.000008,0,0.0002,0,,batch,0,yes,photoautotrophic,none,none,ammonium chloride,initial,none,single-stage,,TAP,,0.01,Chlorella sp
LL,photoautotrophic,stationary,,28,95,0,16,30,0,no,3.928633,0.008173,0,0,0,0.016589,0.545262,0.00002,0.000008,0.000008,0,0.0002,0,,batch,0,yes,photoautotrophic,none,none,ammonium chloride,initial,none,single-stage,,TAP,,0.01,Chlorella sp
LL,photoautotrophic,stationary,,28,95,0,16,45,0,no,3.928633,0.008173,0,0,0,0.016589,0.545262,0.00002,0.000008,0.000008,0,0.0002,0,,batch,0,yes,photoautotrophic,none,none,ammonium chloride,initial,none,single-stage,,TAP,,0.01,Chlorella sp
LL,photoautotrophic,stationary,"0,150",25,44.8,0,24,14,0.04,yes,0.041253,0.053215,0,0,0.000983,0.105534,0.000682,0.001,0.000099,0.0004,0,0.05,0,7,batch,0,yes,photoautotrophic,carbon dioxide,none,sodium nitrate,initial,none,single-stage,,BBM,,0.2,Chlorella sp
LL,photoautotrophic,log,"0,150",25,44.8,0,24,14,0.04,yes,0.248045,0.00712,0.002266,0.003906,0,0.017955,0.009815,0.000642,0.00001,0.00002,0,0.001,0,7.5,batch,0,yes,photoautotrophic,"sodium carbonate, carbon dioxide",none,sodium nitrate,initial,none,single-stage,,BG11,,0.2,Chlorella sp
LL,mixotrophic,stationary,1,28,100,0,16,15,0.04,yes,0.062618,0.00712,0.002266,0.003906,0,0.017955,0.009815,0.000642,0.00001,0.00002,0,0.001,0,,batch,0,yes,photoautotrophic,"sodium carbonate, carbon dioxide",none,sodium nitrate,initial,none,single-stage,white,BG11,LED,1.825,Chlorella sp
LL,mixotrophic,stationary,1,28,100,0,16,15,0.04,yes,0.989751,0.00712,0.002266,0.003906,0,0.017955,0.009815,0.000642,0.00001,0.00002,0,0.001,0,,batch,0,yes,photoautotrophic,"sodium carbonate, carbon dioxide",none,sodium nitrate,initial,none,single-stage,white,BG11,LED,1.835,Chlorella sp
LL,mixotrophic,stationary,1,28,100,0,16,15,0.04,yes,0.248045,0.00178,0.002266,0.003906,0,0.004489,0.009815,0.000642,0.00001,0.00002,0,0.001,0,,batch,0,yes,photoautotrophic,"sodium carbonate, carbon dioxide",none,sodium nitrate,initial,none,single-stage,white,BG11,LED,1.825,Chlorella sp
LL,mixotrophic,stationary,1,28,100,0,16,15,0.04,yes,0.248045,0.028479,0.002266,0.003906,0,0.071818,0.009815,0.000642,0.00001,0.00002,0,0.001,0,,batch,0,yes,photoautotrophic,"sodium carbonate, carbon dioxide",none,sodium nitrate,initial,none,single-stage,white,BG11,LED,1.825,Chlorella sp
LL,mixotrophic,stationary,1,28,100,0,16,15,0.04,yes,0.248045,0.00712,0.000567,0.003906,0,0.017955,0.009815,0.000642,0.00001,0.00002,0,0.001,0,,batch,0,yes,photoautotrophic,"sodium carbonate, carbon dioxide",none,sodium nitrate,initial,none,single-stage,white,BG11,LED,1.83,Chlorella sp
LL,mixotrophic,stationary,1,28,100,0,16,15,0.04,yes,0.248045,0.00712,0.002266,0.003906,0,0.017955,0.009815,0.000642,0.00001,0.00002,0,0.001,0,,batch,0,yes,photoautotrophic,"sodium carbonate, carbon dioxide",none,sodium nitrate,initial,none,single-stage,white,BG11,LED,1.83,Chlorella sp
LL,mixotrophic,stationary,1,28,100,0,16,15,0.04,yes,0.248045,0.00712,0.009065,0.003906,0,0.017955,0.009815,0.000642,0.00001,0.00002,0,0.001,0,,batch,0,yes,photoautotrophic,"sodium carbonate, carbon dioxide",none,sodium nitrate,initial,none,single-stage,white,BG11,LED,1.83,Chlorella sp
HL,heterotrophic,log,"0,3",30,0,150,0,4,0,no,0.069281,0.227804,0,1.999933,0,0.480588,0,0.000402,0,0.00002,0,0.0002,0,5.8,batch,0,yes,photoheterotrophic,none,glucose,potassium nitrate,initial,"potassium hydroxide, phosphoric acid",single-stage,,mBM,,0.01,Chlorella sp
LL,heterotrophic,log,"0,3",30,0,150,0,10,0,no,0.346405,1.139018,0,9.999667,0,2.402938,0,0.002009,0,0.000102,0,0.001,0,6.5,batch,0,yes,photoheterotrophic,none,glucose,potassium nitrate,initial,"potassium hydroxide, phosphoric acid",single-stage,,mBM,,0.01,Chlorella sp
LL,heterotrophic,log,"0,1",30,0,300,0,4,0,no,0.346405,1.139018,0,9.999667,0,2.402938,0,0.002009,0,0.000102,0,0.001,0,6.5,batch,0,yes,photoheterotrophic,none,glucose,potassium nitrate,initial,"potassium hydroxide, phosphoric acid",single-stage,,mBM,,0.01,Chlorella sp
LL,heterotrophic,log,2,30,0,100,0,11,0.04,yes,0.346405,1.139018,0,9.999667,0,2.402938,0,0.002009,0,0.000102,0,0.001,0,6,repeated fed-batch,0,yes,photoheterotrophic,none,glucose,potassium nitrate,constant,"potassium hydroxide, phosphoric acid",single-stage,,mBM,,0.01,Chlorella sp
HL,photoautotrophic,log,"0,4",25,40,0,24,12,0.04,yes,0.124427,0.00712,0.002266,0.003906,0,0.017955,0.009815,0.000642,0.00001,0.00002,0,0.001,0,,batch,0,yes,photoautotrophic,"sodium carbonate, carbon dioxide",none,sodium nitrate,initial,none,single-stage,white,mBG11,fluorescent,0.1,Chlorella sp
HL,photoautotrophic,log,"0,4",25,200,0,24,12,0.04,yes,0.124427,0.00712,0.002266,0.003906,0,0.017955,0.009815,0.000642,0.00001,0.00002,0,0.001,0,,batch,0,yes,photoautotrophic,"sodium carbonate, carbon dioxide",none,sodium nitrate,initial,none,single-stage,white,mBG11,fluorescent,0.1,Chlorella sp
HL,photoautotrophic,log,"0,4",25,400,0,24,12,0.04,yes,0.124427,0.00712,0.002266,0.003906,0,0.017955,0.009815,0.000642,0.00001,0.00002,0,0.001,0,,batch,0,yes,photoautotrophic,"sodium carbonate, carbon dioxide",none,sodium nitrate,initial,none,single-stage,white,mBG11,fluorescent,0.1,Chlorella sp
LL,photoautotrophic,log,,28,50,0,24,16,0,no,0.041253,0.053215,0.643332,0,0.000983,0.105534,0.000682,0.001,0.000099,0.0004,0,0.05,0,,batch,0,yes,photoautotrophic,"sodium carbonate, carbon dioxide",none,sodium nitrate,initial,none,single-stage,,BBM,,0.01,Chlorella sp
HL,photoautotrophic,log,,28,50,0,24,16,0,no,0.02065,0.053215,0.643332,0,0.000983,0.105534,0.000682,0.001,0.000099,0.0004,0,0.05,0,,batch,0,yes,photoautotrophic,"sodium carbonate, carbon dioxide",none,sodium nitrate,initial,none,single-stage,,mBBM,,0.01,Chlorella sp
HL,photoautotrophic,log,,38,250,0,24,6,0,no,0.041253,0.053215,0.643332,0,0.000983,0.105534,0.000682,0.001,0.000099,0.0004,0,0.05,0,,batch,0,yes,photoautotrophic,"sodium carbonate, carbon dioxide",none,sodium nitrate,initial,none,single-stage,,BBM,,0.01,Chlorella sp
HL,photoautotrophic,log,,38,250,0,24,6,0,no,0.02065,0.053215,0.643332,0,0.000983,0.105534,0.000682,0.001,0.000099,0.0004,0,0.05,0,,batch,0,yes,photoautotrophic,"sodium carbonate, carbon dioxide",none,sodium nitrate,initial,none,single-stage,,mBBM,,0.01,Chlorella sp
LL,photoautotrophic,log,,28,50,0,24,16,0,no,0.041253,0.053215,0.643332,0,0.000983,0.105534,0.000682,0.001,0.000099,0.0004,0,0.05,0,9,batch,0,yes,photoautotrophic,"sodium carbonate, carbon dioxide",none,sodium nitrate,constant,"hydrogen chloride, sodium hydroxide",single-stage,daylight,BBM,sun,0.01,Chlorella sp
HL,photoautotrophic,log,,28,50,0,24,16,0,no,0.041253,0.053215,0.643332,0,0.000983,0.105534,0.000682,0.001,0.000099,0.0004,0,0.05,0,11,batch,0,yes,photoautotrophic,"sodium carbonate, carbon dioxide",none,sodium nitrate,constant,"hydrogen chloride, sodium hydroxide",single-stage,daylight,BBM,sun,0.01,Chlorella sp
LL,photoautotrophic,stationary,0.9,21.5,,0,16,19,0.04,yes,0.24804,0.00712,0.002266,0.001656,0,0.017955,0.007361,0.000642,0,0.00002,0,0,0,7.5,batch,0.001,yes,photoautotrophic,"sodium carbonate, carbon dioxide",none,sodium nitrate,initial,none,single-stage,,BG11,,0.01,Chlorella sp
HL,photoautotrophic,stationary,0.9,21.5,,0,16,19,0.04,yes,0.035861,0.00712,0.002266,0.001656,0,0.115792,0.007361,0.000642,0,0.00002,0,0,0,7.5,batch,0.001,yes,photoautotrophic,"sodium carbonate, carbon dioxide",none,potassium nitrate,initial,none,single-stage,,mBG11,,0.01,Chlorella sp
LL,photoautotrophic,stationary,0.9,21.5,,0,16,19,0.04,yes,0.071471,0.00712,0.002266,0.001656,0,0.215175,0.007361,0.000642,0,0.00002,0,0,0,7.5,batch,0.001,yes,photoautotrophic,"sodium carbonate, carbon dioxide",none,potassium nitrate,initial,none,single-stage,,mBG11,,0.01,Chlorella sp
LL,photoautotrophic,stationary,0.9,21.5,,0,16,19,0.04,yes,0.105835,0.00712,0.002266,0.001656,0,0.311079,0.007361,0.000642,0,0.00002,0,0,0,7.5,batch,0.001,yes,photoautotrophic,"sodium carbonate, carbon dioxide",none,potassium nitrate,initial,none,single-stage,,mBG11,,0.01,Chlorella sp
LL,photoautotrophic,stationary,0.9,21.5,,0,16,19,0.04,yes,0.140891,0.00712,0.002266,0.001656,0,0.408916,0.007361,0.000642,0,0.00002,0,0,0,7.5,batch,0.001,yes,photoautotrophic,"sodium carbonate, carbon dioxide",none,potassium nitrate,initial,none,single-stage,,mBG11,,0.01,Chlorella sp
LL,photoautotrophic,stationary,0.9,21.5,,0,16,19,0.04,yes,0.175947,0.00712,0.002266,0.001656,0,0.506753,0.007361,0.000642,0,0.00002,0,0,0,7.5,batch,0.001,yes,photoautotrophic,"sodium carbonate, carbon dioxide",none,potassium nitrate,initial,none,single-stage,,mBG11,,0.01,Chlorella sp
HL,photoautotrophic,stationary,0.9,21.5,,0,16,19,0.04,yes,0.070782,0.00712,0.002266,0.03165,0,0.017955,0.007361,0.000642,0,0.00002,0,0,0,7.5,batch,0.001,yes,photoautotrophic,"sodium carbonate, carbon dioxide",none,urea,initial,none,single-stage,,mBG11,,0.01,Chlorella sp
LL,photoautotrophic,stationary,0.9,21.5,,0,16,19,0.04,yes,0.14076,0.00712,0.002266,0.061644,0,0.017955,0.007361,0.000642,0,0.00002,0,0,0,7.5,batch,0.001,yes,photoautotrophic,"sodium carbonate, carbon dioxide",none,urea,initial,none,single-stage,,mBG11,,0.01,Chlorella sp
LL,photoautotrophic,stationary,0.9,21.5,,0,16,19,0.04,yes,0.210738,0.00712,0.002266,0.091638,0,0.017955,0.007361,0.000642,0,0.00002,0,0,0,7.5,batch,0.001,yes,photoautotrophic,"sodium carbonate, carbon dioxide",none,urea,initial,none,single-stage,,mBG11,,0.01,Chlorella sp
LL,photoautotrophic,stationary,0.9,21.5,,0,16,19,0.04,yes,0.281182,0.00712,0.002266,0.121832,0,0.017955,0.007361,0.000642,0,0.00002,0,0,0,7.5,batch,0.001,yes,photoautotrophic,"sodium carbonate, carbon dioxide",none,urea,initial,none,single-stage,,mBG11,,0.01,Chlorella sp
LL,photoautotrophic,stationary,0.9,21.5,,0,16,19,0.04,yes,0.350693,0.00712,0.002266,0.151626,0,0.017955,0.007361,0.000642,0,0.00002,0,0,0,7.5,batch,0.001,yes,photoautotrophic,"sodium carbonate, carbon dioxide",none,urea,initial,none,single-stage,,mBG11,,0.01,Chlorella sp
HL,photoautotrophic,stationary,0.9,21.5,,0,16,19,0.04,yes,0.070812,0.00712,0.002266,0.001656,0,0.017955,0.007361,0.000642,0,0.00002,0,0,0,7.5,batch,0.001,yes,photoautotrophic,"sodium carbonate, carbon dioxide",none,calcium nitrate,initial,none,single-stage,,mBG11,,0.01,Chlorella sp
LL,photoautotrophic,stationary,0.9,21.5,,0,16,19,0.04,yes,0.14099,0.00712,0.002266,0.001656,0,0.017955,0.007361,0.000642,0,0.00002,0,0,0,7.5,batch,0.001,yes,photoautotrophic,"sodium carbonate, carbon dioxide",none,calcium nitrate,initial,none,single-stage,,mBG11,,0.01,Chlorella sp
LL,photoautotrophic,stationary,0.9,21.5,,0,16,19,0.04,yes,0.210827,0.00712,0.002266,0.001656,0,0.017955,0.007361,0.000642,0,0.00002,0,0,0,7.5,batch,0.001,yes,photoautotrophic,"sodium carbonate, carbon dioxide",none,calcium nitrate,initial,none,single-stage,,mBG11,,0.01,Chlorella sp
LL,photoautotrophic,stationary,0.9,21.5,,0,16,19,0.04,yes,0.281005,0.00712,0.002266,0.001656,0,0.017955,0.007361,0.000642,0,0.00002,0,0,0,7.5,batch,0.001,yes,photoautotrophic,"sodium carbonate, carbon dioxide",none,calcium nitrate,initial,none,single-stage,,mBG11,,0.01,Chlorella sp
LL,photoautotrophic,stationary,0.9,21.5,,0,16,19,0.04,yes,0.350841,0.00712,0.002266,0.001656,0,0.017955,0.007361,0.000642,0,0.00002,0,0,0,7.5,batch,0.001,yes,photoautotrophic,"sodium carbonate, carbon dioxide",none,calcium nitrate,initial,none,single-stage,,mBG11,,0.01,Chlorella sp
LL,photoautotrophic,stationary,0.9,21.5,,0,16,19,0.04,yes,0.035901,0.00712,0.002266,0.001656,0,0.017955,0.007361,0.000642,0,0.00002,0,0,0,7.5,batch,0.001,yes,photoautotrophic,"sodium carbonate, carbon dioxide",none,ammonium chloride,initial,none,single-stage,,mBG11,,0.01,Chlorella sp
LL,photoautotrophic,stationary,0.9,21.5,,0,16,19,0.04,yes,0.070996,0.00712,0.002266,0.001656,0,0.017955,0.007361,0.000642,0,0.00002,0,0,0,7.5,batch,0.001,yes,photoautotrophic,"sodium carbonate, carbon dioxide",none,ammonium chloride,initial,none,single-stage,,mBG11,,0.01,Chlorella sp
LL,photoautotrophic,stationary,0.9,21.5,,0,16,19,0.04,yes,0.10583,0.00712,0.002266,0.001656,0,0.017955,0.007361,0.000642,0,0.00002,0,0,0,7.5,batch,0.001,yes,photoautotrophic,"sodium carbonate, carbon dioxide",none,ammonium chloride,initial,none,single-stage,,mBG11,,0.01,Chlorella sp
LL,photoautotrophic,stationary,0.9,21.5,,0,16,19,0.04,yes,0.140926,0.00712,0.002266,0.001656,0,0.017955,0.007361,0.000642,0,0.00002,0,0,0,7.5,batch,0.001,yes,photoautotrophic,"sodium carbonate, carbon dioxide",none,ammonium chloride,initial,none,single-stage,,mBG11,,0.01,Chlorella sp
LL,photoautotrophic,stationary,0.9,21.5,,0,16,19,0.04,yes,0.176021,0.00712,0.002266,0.001656,0,0.017955,0.007361,0.000642,0,0.00002,0,0,0,7.5,batch,0.001,yes,photoautotrophic,"sodium carbonate, carbon dioxide",none,ammonium chloride,initial,none,single-stage,,mBG11,,0.01,Chlorella sp
HL,photoautotrophic,stationary,0.9,21.5,,0,16,19,0.04,yes,0.03583,0.00712,0.002266,0.001656,0,0.017955,0.007361,0.000642,0,0.00002,0,0,0,7.5,batch,0.001,yes,photoautotrophic,"sodium carbonate, carbon dioxide",none,sodium nitrate,initial,none,single-stage,,mBG11,,0.01,Chlorella sp
LL,photoautotrophic,stationary,0.9,21.5,,0,16,19,0.04,yes,0.070855,0.00712,0.002266,0.001656,0,0.017955,0.007361,0.000642,0,0.00002,0,0,0,7.5,batch,0.001,yes,photoautotrophic,"sodium carbonate, carbon dioxide",none,sodium nitrate,initial,none,single-stage,,mBG11,,0.01,Chlorella sp
LL,photoautotrophic,stationary,0.9,21.5,,0,16,19,0.04,yes,0.105797,0.00712,0.002266,0.001656,0,0.017955,0.007361,0.000642,0,0.00002,0,0,0,7.5,batch,0.001,yes,photoautotrophic,"sodium carbonate, carbon dioxide",none,sodium nitrate,initial,none,single-stage,,mBG11,,0.01,Chlorella sp
LL,photoautotrophic,stationary,0.9,21.5,,0,16,19,0.04,yes,0.140905,0.00712,0.002266,0.001656,0,0.017955,0.007361,0.000642,0,0.00002,0,0,0,7.5,batch,0.001,yes,photoautotrophic,"sodium carbonate, carbon dioxide",none,sodium nitrate,initial,none,single-stage,,mBG11,,0.01,Chlorella sp
LL,photoautotrophic,stationary,0.9,21.5,,0,16,19,0.04,yes,0.175518,0.00712,0.002266,0.001656,0,0.017955,0.007361,0.000642,0,0.00002,0,0,0,7.5,batch,0.001,yes,photoautotrophic,"sodium carbonate, carbon dioxide",none,sodium nitrate,initial,none,single-stage,,mBG11,,0.01,Chlorella sp
LL,photoautotrophic,stationary,0.9,21.5,,0,16,19,0.04,yes,0.000013,0.003652,0.001133,0,0,0.003652,0,0,0.000028,0.000025,0,0,0,7.5,batch,0,no,photoautotrophic,"sodium carbonate, carbon dioxide",none,none,initial,none,single-stage,,CHU-10,,0.01,Chlorella sp
LL,photoautotrophic,stationary,0.9,21.5,,0,16,19,0.04,yes,0.041253,0.053215,0,0,0.000983,0.105534,0.000682,0.001,0.000099,0.0004,0,0.05,0,7.5,batch,0.05,yes,photoautotrophic,carbon dioxide,none,sodium nitrate,initial,none,single-stage,,BBM,,0.01,Chlorella sp
LL,photoautotrophic,stationary,0.9,21.5,,0,16,19,0.04,yes,0.123618,0,0,0,0,0.003038,0,0,0.000002,0.001975,0,0,0,7.5,batch,0,no,photoautotrophic,carbon dioxide,none,sodium nitrate,initial,none,single-stage,,F/2,,0.01,Chlorella sp
LL,photoautotrophic,log,1.5,25,60,0,24,7,0.04,yes,0.015047,0.001958,0.001133,0,0,0.004937,0.004907,0,0.00001,0.00002,0,0.0005,0,,batch,0,yes,photoautotrophic,"sodium carbonate, carbon dioxide",none,sodium nitrate,initial,none,single-stage,,mBG11,,0.01,Chlorella sp
LL,heterotrophic,log,1.5,25,0,0,0,7,0.04,yes,0.015047,0.001958,0.001133,4.0011,0,0.004937,0.004907,0,0.00001,0.00002,0,0.0005,0,,batch,0,yes,photoautotrophic,"sodium carbonate, carbon dioxide",glucose,sodium nitrate,initial,none,single-stage,no-color,mBG11,no-lamp,0.01,Chlorella sp
LL,photoautotrophic,log,1.5,25,60,0,24,7,0.04,yes,0.015047,0.001958,0.001133,0,0,0.004937,0.004907,0,0.00001,0.00002,0,0.0005,0,,repeated fed-batch,0,yes,photoautotrophic,"sodium carbonate, carbon dioxide",none,sodium nitrate,initial,none,single-stage,,mBG11,,0.01,Chlorella sp
LL,photoautotrophic,stationary,1.5,25,60,0,24,12,0.04,yes,0.015047,0.001958,0.001133,0,0,0.004937,0.004907,0,0.00001,0.00002,0,0.0005,0,,batch,0,yes,photoautotrophic,"sodium carbonate, carbon dioxide",none,sodium nitrate,initial,none,single-stage,,mBG11,,0.01,Chlorella sp
HL,heterotrophic,stationary,1.5,25,0,0,0,12,0.04,yes,0.015047,0.001958,0.001133,4.0011,0,0.004937,0.004907,0,0.00001,0.00002,0,0.0005,0,,batch,0,yes,photoautotrophic,"sodium carbonate, carbon dioxide",glucose,sodium nitrate,initial,none,single-stage,no-color,mBG11,no-lamp,0.01,Chlorella sp
HL,photoautotrophic,stationary,1.5,25,60,0,24,12,0.04,yes,0.015047,0.001958,0.001133,0,0,0.004937,0.004907,0,0.00001,0.00002,0,0.0005,0,,repeated fed-batch,0,yes,photoautotrophic,"sodium carbonate, carbon dioxide",none,sodium nitrate,initial,none,single-stage,,mBG11,,0.01,Chlorella sp
HL,photoautotrophic,stationary,0.8,21.5,40,0,16,18,0,no,0.24724,0.00712,0,0,0,0.017955,0.009815,0,0.00001,0.00002,0,0,0,8.7,batch,0,yes,photoautotrophic,none,none,sodium nitrate,initial,none,single-stage,white,BG11,fluorescent,0.01,Chlorella sp
HL,photoautotrophic,stationary,0.8,21.5,40,0,16,18,0,no,0.24724,0.00712,0,0,2.337,0.017955,0.009815,0,0.00001,0.00002,0.01,0,0,8.7,batch,0,yes,photoautotrophic,none,none,sodium nitrate,initial,none,single-stage,white,mBG11,fluorescent,0.01,Chlorella sp
HL,photoautotrophic,stationary,0.8,21.5,40,0,16,18,0,no,0.24724,0.00712,0,0,4.675,0.017955,0.009815,0,0.00001,0.00002,0.01,0,0,8.7,batch,0,yes,photoautotrophic,none,none,sodium nitrate,initial,none,single-stage,white,mBG11,fluorescent,0.01,Chlorella sp
HL,photoautotrophic,stationary,0.8,21.5,40,0,16,18,0,no,0.24724,0.00712,0,0,9.3504,0.017955,0.009815,0,0.00001,0.00002,0.01,0,0,8.7,batch,0,yes,photoautotrophic,none,none,sodium nitrate,initial,none,single-stage,white,mBG11,fluorescent,0.01,Chlorella sp
HL,photoautotrophic,stationary,0.8,21.5,40,0,16,18,0,no,0.24724,0.00712,0,0,18.701,0.017955,0.009815,0,0.00001,0.00002,0.01,0,0,8.7,batch,0,yes,photoautotrophic,none,none,sodium nitrate,initial,none,single-stage,white,mBG11,fluorescent,0.01,Chlorella sp
LL,photoautotrophic,stationary,0.8,21.5,40,0,16,18,0,no,0.003301,0.00178,0.002266,0,0,0.004489,0.017148,0.000275,0.000002,0.000051,0.01,0,0,8.7,batch,0,yes,photoautotrophic,sodium carbonate,none,sodium nitrate,initial,none,single-stage,white,CHU-10,fluorescent,0.01,Chlorella sp
LL,photoautotrophic,stationary,0.8,21.5,40,0,16,18,0,no,0.003301,0.00178,0.002266,0,2.337,0.004489,0.017148,0.000275,0.000002,0.000051,0.01,0,0,8.7,batch,0,yes,photoautotrophic,sodium carbonate,none,sodium nitrate,initial,none,single-stage,white,mCHU-10,fluorescent,0.01,Chlorella sp
LL,photoautotrophic,stationary,0.8,21.5,40,0,16,18,0,no,0.003301,0.00178,0.002266,0,4.675,0.004489,0.017148,0.000275,0.000002,0.000051,0.01,0,0,8.7,batch,0,yes,photoautotrophic,sodium carbonate,none,sodium nitrate,initial,none,single-stage,white,mCHU-10,fluorescent,0.01,Chlorella sp
LL,photoautotrophic,stationary,0.8,21.5,40,0,16,18,0,no,0.003301,0.00178,0.002266,0,9.3504,0.004489,0.017148,0.000275,0.000002,0.000051,0.01,0,0,8.7,batch,0,yes,photoautotrophic,sodium carbonate,none,sodium nitrate,initial,none,single-stage,white,mCHU-10,fluorescent,0.01,Chlorella sp
LL,photoautotrophic,stationary,0.8,21.5,40,0,16,18,0,no,0.003301,0.00178,0.002266,0,18.701,0.004489,0.017148,0.000275,0.000002,0.000051,0.01,0,0,8.7,batch,0,yes,photoautotrophic,sodium carbonate,none,sodium nitrate,initial,none,single-stage,white,mCHU-10,fluorescent,0.01,Chlorella sp
LL,photoautotrophic,stationary,4,23,82.62,0,24,7,0.04,yes,0.062618,0.00712,0.002266,0.003906,0,0.017955,0.009815,0.000642,0.00001,0.00002,0,0.001,0,,batch,0,yes,photoautotrophic,"sodium carbonate, carbon dioxide",none,sodium nitrate,initial,none,single-stage,,mBG11,,1.4,Chlorella sp
HL,photoautotrophic,stationary,4,23,82.62,0,24,7,0.04,yes,0.031467,0.00712,0.002266,0.003906,0,0.017955,0.009815,0.000642,0.00001,0.00002,0,0.001,0,,batch,0,yes,photoautotrophic,"sodium carbonate, carbon dioxide",none,sodium nitrate,initial,none,single-stage,,mBG11,,0.5,Chlorella sp
HL,photoautotrophic,stationary,4,23,82.62,0,24,7,0.04,yes,0.016303,0.00712,0.002266,0.003906,0,0.017955,0.009815,0.000642,0.00001,0.00002,0,0.001,0,,batch,0,yes,photoautotrophic,"sodium carbonate, carbon dioxide",none,sodium nitrate,initial,none,single-stage,,mBG11,,0.08,Chlorella sp
LL,photoautotrophic,stationary,4,23,82.62,0,24,7,0.04,yes,0.008556,0.00712,0.002266,0.003906,0,0.017955,0.009815,0.000642,0.00001,0.00002,0,0.001,0,,batch,0,yes,photoautotrophic,"sodium carbonate, carbon dioxide",none,sodium nitrate,initial,none,single-stage,,mBG11,,0.2,Chlorella sp
HL,photoautotrophic,stationary,4,23,82.62,0,24,7,0.04,yes,0.0046,0.00712,0.002266,0.003906,0,0.017955,0.009815,0.000642,0.00001,0.00002,0,0.001,0,,batch,0,yes,photoautotrophic,"sodium carbonate, carbon dioxide",none,sodium nitrate,initial,none,single-stage,,mBG11,,0.18,Chlorella sp
HL,photoautotrophic,stationary,4,23,82.62,0,24,7,0.04,yes,0.00081,0.00712,0.002266,0.003906,0,0.017955,0.009815,0.000642,0.00001,0.00002,0,0.001,0,,batch,0,yes,photoautotrophic,"sodium carbonate, carbon dioxide",none,none,initial,none,single-stage,,mBG11,,0.01,Chlorella sp
HL,photoautotrophic,stationary,1,27,60,300,12,7,3,yes,0.116186,0.00712,0.002266,0.003906,0,0.017955,0.008179,0.000642,0.00001,0.000025,0,0.0006,0,7.5,batch,0,yes,photoautotrophic,"sodium carbonate, carbon dioxide",none,sodium nitrate,initial,none,single-stage,,mBG11,,0.3,Chlorella vulgaris
HL,photoautotrophic,stationary,1,27,60,300,12,7,3,yes,0.379904,0.00712,0.002266,0.003906,0,0.017955,0.008179,0.000642,0.00001,0.000025,0,0.0006,0,7.5,batch,0,yes,photoautotrophic,"sodium carbonate, carbon dioxide",none,sodium nitrate,initial,none,single-stage,,mBG11,,0.3,Chlorella vulgaris
HL,photoautotrophic,stationary,1,27,60,300,12,7,12,yes,0.116186,0.00712,0.002266,0.003906,0,0.017955,0.008179,0.000642,0.00001,0.000025,0,0.0006,0,7.5,batch,0,yes,photoautotrophic,"sodium carbonate, carbon dioxide",none,sodium nitrate,initial,none,single-stage,,mBG11,,0.3,Chlorella vulgaris
HL,photoautotrophic,stationary,1,27,60,300,12,7,12,yes,0.379904,0.00712,0.002266,0.003906,0,0.017955,0.008179,0.000642,0.00001,0.000025,0,0.0006,0,7.5,batch,0,yes,photoautotrophic,"sodium carbonate, carbon dioxide",none,sodium nitrate,initial,none,single-stage,,mBG11,,0.3,Chlorella vulgaris
HL,photoautotrophic,stationary,1,27,120,300,12,7,3,yes,0.116186,0.00712,0.002266,0.003906,0,0.017955,0.008179,0.000642,0.00001,0.000025,0,0.0006,0,7.5,batch,0,yes,photoautotrophic,"sodium carbonate, carbon dioxide",none,sodium nitrate,initial,none,single-stage,,mBG11,,0.3,Chlorella vulgaris
HL,photoautotrophic,stationary,1,27,120,300,12,7,3,yes,0.379904,0.00712,0.002266,0.003906,0,0.017955,0.008179,0.000642,0.00001,0.000025,0,0.0006,0,7.5,batch,0,yes,photoautotrophic,"sodium carbonate, carbon dioxide",none,sodium nitrate,initial,none,single-stage,,mBG11,,0.3,Chlorella vulgaris
HL,photoautotrophic,stationary,1,27,120,300,12,7,12,yes,0.116186,0.00712,0.002266,0.003906,0,0.017955,0.008179,0.000642,0.00001,0.000025,0,0.0006,0,7.5,batch,0,yes,photoautotrophic,"sodium carbonate, carbon dioxide",none,sodium nitrate,initial,none,single-stage,,mBG11,,0.3,Chlorella vulgaris
HL,photoautotrophic,stationary,1,27,120,300,12,7,12,yes,0.379904,0.00712,0.002266,0.003906,0,0.017955,0.008179,0.000642,0.00001,0.000025,0,0.0006,0,7.5,batch,0,yes,photoautotrophic,"sodium carbonate, carbon dioxide",none,sodium nitrate,initial,none,single-stage,,mBG11,,0.3,Chlorella vulgaris
HL,photoautotrophic,stationary,1,27,90,300,12,7,7.5,yes,0.248045,0.00712,0.002266,0.003906,0,0.017955,0.008179,0.000642,0.00001,0.000025,0,0.0006,0,7.5,batch,0,yes,photoautotrophic,"sodium carbonate, carbon dioxide",none,sodium nitrate,initial,none,single-stage,,BG11,,0.3,Chlorella vulgaris
HL,photoautotrophic,stationary,1,27,90,300,12,7,7.5,yes,0.248045,0.00712,0.002266,0.003906,0,0.017955,0.008179,0.000642,0.00001,0.000025,0,0.0006,0,7.5,batch,0,yes,photoautotrophic,"sodium carbonate, carbon dioxide",none,sodium nitrate,initial,none,single-stage,,BG11,,0.3,Chlorella vulgaris
HL,photoautotrophic,stationary,1,27,90,300,12,7,7.5,yes,0.248045,0.00712,0.002266,0.003906,0,0.017955,0.008179,0.000642,0.00001,0.000025,0,0.0006,0,7.5,batch,0,yes,photoautotrophic,"sodium carbonate, carbon dioxide",none,sodium nitrate,initial,none,single-stage,,BG11,,0.3,Chlorella vulgaris
HL,photoautotrophic,stationary,1,27,90,300,12,7,0,no,0.248045,0.00712,0.002266,0.003906,0,0.017955,0.008179,0.000642,0.00001,0.000025,0,0.0006,0,7.5,batch,0,yes,photoautotrophic,sodium carbonate,none,sodium nitrate,initial,none,single-stage,,BG11,,0.3,Chlorella vulgaris
HL,photoautotrophic,stationary,1,27,90,300,12,7,7.5,yes,0.026522,0.00712,0.002266,0.003906,0,0.017955,0.008179,0.000642,0.00001,0.000025,0,0.0006,0,7.5,batch,0,yes,photoautotrophic,"sodium carbonate, carbon dioxide",none,sodium nitrate,initial,none,single-stage,,mBG11,,0.3,Chlorella vulgaris
LL,photoautotrophic,stationary,1,27,51.88,0,12,14,0.03,yes,0.24724,0.00712,0.002266,0,0,0.017955,0.009815,0,0.00001,0.00002,0,0.001,0,,batch,0,yes,photoautotrophic,"sodium carbonate, carbon dioxide",none,sodium nitrate,initial,none,single-stage,,BG11,,0.1,Chlorella vulgaris
LL,photoautotrophic,stationary,1,27,51.88,0,12,14,5,yes,0.24724,0.00712,0.002266,0,0,0.017955,0.009815,0,0.00001,0.00002,0,0.001,0,,batch,0,yes,photoautotrophic,"sodium carbonate, carbon dioxide",none,sodium nitrate,initial,none,single-stage,,BG11,,0.1,Chlorella vulgaris
HL,photoautotrophic,stationary,1,27,51.88,0,12,14,10,yes,0.24724,0.00712,0.002266,0,0,0.017955,0.009815,0,0.00001,0.00002,0,0.001,0,,batch,0,yes,photoautotrophic,"sodium carbonate, carbon dioxide",none,sodium nitrate,initial,none,single-stage,,BG11,,0.1,Chlorella vulgaris
HL,photoautotrophic,stationary,1,27,51.88,0,12,14,15,yes,0.24724,0.00712,0.002266,0,0,0.017955,0.009815,0,0.00001,0.00002,0,0.001,0,,batch,0,yes,photoautotrophic,"sodium carbonate, carbon dioxide",none,sodium nitrate,initial,none,single-stage,,BG11,,0.1,Chlorella vulgaris
LL,photoautotrophic,log,1,28,96,0,12,12,0.04,yes,0.041253,0.053215,0,0,0.025,0.105534,0.006816,0.001,0.000099,0.0004,0,0.05,0,8,batch,0,yes,photoautotrophic,carbon dioxide,none,sodium nitrate,initial,none,single-stage,,BBM,fluorescent,0.01,Chlorella vulgaris
LL,mixotrophic,log,1,28,96,0,12,12,0.04,yes,0.041253,0.053215,0,0.292805,0.025,0.105534,0.006816,0.001,0.000099,0.0004,0,0.05,0,8,batch,0,yes,photoautotrophic,carbon dioxide,sodium acetate,sodium nitrate,initial,none,single-stage,,mBBM,fluorescent,0.01,Chlorella vulgaris
LL,mixotrophic,log,1,28,96,0,12,12,0.04,yes,0.1196,0.1196,0,0.292805,0,0.0598,0,0,0,0,0,0,0,8,batch,0,yes,photoautotrophic,carbon dioxide,sodium acetate,sodium nitrate,initial,none,single-stage,,NPKAC1,fluorescent,0.01,Chlorella vulgaris
LL,mixotrophic,log,1,28,96,0,12,12,0.04,yes,0.1196,0.1794,0,0.292805,0,0.0598,0,0,0,0,0,0,0,8,batch,0,yes,photoautotrophic,carbon dioxide,sodium acetate,sodium nitrate,initial,none,single-stage,,NPKAC2,fluorescent,0.01,Chlorella vulgaris
HL,photoautotrophic,log,0.5,23,68,0,16,16,0,no,0.041253,0.053215,0,0,0.025,0.105534,0.006816,0.001,0.000099,0.0004,0,0.05,0,,batch,0,yes,photoautotrophic,none,none,sodium nitrate,initial,none,single-stage,white,BBM,fluorescent,0.01,Chlorella emersoni
LL,photoautotrophic,stationary,1,21,40,0,24,18,0.04,yes,0.24724,0.00712,0.002266,0,0,0.017955,0.009815,0,0.00001,0.00002,0,0.001,0,,batch,0,yes,photoautotrophic,"sodium carbonate, carbon dioxide",none,sodium nitrate,initial,none,single-stage,,BG11,fluorescent,0.06,Chlorella sp
LL,photoautotrophic,stationary,1.8,23.5,149.5,0,24,30,5.04,yes,0.248045,0.00712,0.002266,0.003906,0,0.017955,0.009815,0.000642,0.00001,0.00002,0,0.001,0,7.5,batch,0,yes,photoautotrophic,"sodium carbonate, carbon dioxide",none,sodium nitrate,initial,hydrogen chloride,single-stage,daylight,BG11,fluorescent,0.1,Chlorella vulgaris
LL,photoautotrophic,stationary,1.8,23.5,149.5,0,24,30,5.04,yes,0.248045,0.00712,0.003586,0.003906,0,0.031455,0.025315,0.000642,0.00001,0.00002,0,0.001,0,7.5,batch,0,yes,photoautotrophic,"sodium carbonate, carbon dioxide",none,sodium nitrate,initial,hydrogen chloride,single-stage,daylight,mBG11,fluorescent,0.1,Chlorella vulgaris
LL,photoautotrophic,stationary,1.8,23.5,149.5,0,24,30,5.04,yes,0.248045,0.00712,0.002926,0.003906,0,0.024705,0.017565,0.000642,0.00001,0.00002,0,0.001,0,7.5,batch,0,yes,photoautotrophic,"sodium carbonate, carbon dioxide",none,sodium nitrate,initial,hydrogen chloride,single-stage,daylight,mBG11,fluorescent,0.1,Chlorella vulgaris
LL,photoautotrophic,stationary,1.8,23.5,149.5,0,24,30,5.04,yes,0.248045,0.00712,0.003586,0.003906,0,0.031455,0.025315,0.000642,0.00001,0.00002,0,0.001,0,7.5,batch,0,yes,photoautotrophic,"sodium carbonate, carbon dioxide",none,sodium nitrate,initial,hydrogen chloride,single-stage,daylight,mBG11,fluorescent,0.1,Chlorella vulgaris
LL,photoautotrophic,stationary,1.8,23.5,149.5,0,12,30,5.04,yes,0.248045,0.00712,0.003586,0.003906,0,0.031455,0.025315,0.000642,0.00001,0.00002,0,0.001,0,7.5,batch,0,yes,photoautotrophic,"sodium carbonate, carbon dioxide",none,sodium nitrate,initial,hydrogen chloride,single-stage,daylight,mBG11,fluorescent,0.1,Chlorella vulgaris
LL,photoautotrophic,stationary,0.1,25,75,0,14,21,0,no,0.138562,0.014457,0,0,0,0.386708,0.002726,0,0.000006,0.000001,0,0,0.001,6.8,batch,0,yes,photoautotrophic,none,none,potassium nitrate,initial,hydrogen chloride,single-stage,,N-11,,0.2,Chlorella vulgaris
HL,photoautotrophic,stationary,0.1,25,75,0,14,7,0,no,0,0.014457,0,0,0,0,0.002726,0,0.000006,0.000001,0,0,0.001,6.8,batch,0,yes,photoautotrophic,none,none,none,initial,hydrogen chloride,single-stage,,mN-11,,0.2,Chlorella vulgaris
HL,photoautotrophic,stationary,0.1,25,75,0,14,30,0,no,0.001386,0.014457,0,0,0,0.003867,0.002726,0,0.000006,0.000001,0,0,0.001,6.8,repeated fed-batch,0,yes,photoautotrophic,none,none,potassium nitrate,initial,hydrogen chloride,single-stage,,mN-11,,0.2,Chlorella vulgaris
LL,photoautotrophic,stationary,0.1,28,100,160,24,7,0.04,yes,0.247841,0,0,0.002526,0,0,0.009815,0.000107,0.000992,0.00002,0,0,0,,batch,0,yes,photoautotrophic,carbon dioxide,none,sodium nitrate,initial,none,single-stage,,mBM,,1.1,Chlorella vulgaris
LL,mixotrophic,stationary,0.1,28,100,160,24,6,10.04,yes,0.247841,0,0,8.00226,0,0,0.009815,0.000107,0.000992,0.00002,0,0,0,,batch,0,yes,mixotrophic,carbon dioxide,glucose,sodium nitrate,initial,none,single-stage,,mBM,,1.1,Chlorella vulgaris
LL,heterotrophic,stationary,0.1,28,0,160,0,3,0,no,0.247841,0,0,12.002127,0,0,0.009815,0.000107,0.000992,0.00002,0,0,0,,batch,0,yes,heterotrophic,none,glucose,sodium nitrate,initial,none,single-stage,no-color,mBM,no-lamp,1.1,Chlorella vulgaris
LL,photoautotrophic,stationary,1,30,100,0,12,9,0,no,0.412059,0.088998,0,0,1,0.67316,0.010905,0.002009,0,0,0,0,0,9.5,batch,0,yes,photoautotrophic,none,none,sodium nitrate,initial,none,single-stage,,mZarrouck,,1,Chlorella variabilis
LL,photoautotrophic,stationary,1,30,100,0,12,9,0,no,0.412059,0.088998,2.401771,0,1,0.67316,0.010905,0.002009,0,0,0,0,0,8.7,batch,0,yes,photoautotrophic,sodium bicarbonate,none,sodium nitrate,initial,none,single-stage,,Zarrouck,,1,Chlorella variabilis
LL,photoautotrophic,stationary,1,30,100,0,12,9,0,no,0.197788,0.044499,0.714813,0,1,0.224398,0.010905,0.002009,0,0,0,0,0,8.4,batch,0,yes,photoautotrophic,sodium bicarbonate,none,sodium nitrate,initial,none,single-stage,,P2,,1,Chlorella variabilis
HL,photoautotrophic,stationary,1,30,100,0,12,9,0,no,1.083824,0.044499,0.75955,0,1,0.224398,0.010905,0.002009,0,0,0,0,0,7.8,batch,0,yes,photoautotrophic,ammonium bicarbonate,none,sodium nitrate,initial,none,single-stage,,mP2,,1,Chlorella variabilis
LL,photoautotrophic,stationary,0.15,25,60,0,24,16,0,no,0.001496,0.0315,0,0,0,0.028,0.013632,0.018079,0.007975,0.007991,0,0,0,,batch,0,yes,photoautotrophic,none,none,none,initial,none,single-stage,white,mTAP,fluorescent,0.2,Chlorella minutissima
HL,photoautotrophic,stationary,0.15,25,60,0,24,16,0,no,0.071535,0.0315,0,0,0,0.028,0.013632,0.018079,0.007975,0.007991,0,0,0,,batch,0,yes,photoautotrophic,none,none,sodium nitrate,initial,none,single-stage,white,mTAP,fluorescent,0.2,Chlorella minutissima
HL,photoautotrophic,stationary,0.15,25,60,0,24,16,0,no,0.141574,0.0315,0,0,0,0.028,0.013632,0.018079,0.007975,0.007991,0,0,0,,batch,0,yes,photoautotrophic,none,none,sodium nitrate,initial,none,single-stage,white,mTAP,fluorescent,0.2,Chlorella minutissima
HL,photoautotrophic,stationary,0.15,25,60,0,24,16,0,no,0.211612,0.0315,0,0,0,0.028,0.013632,0.018079,0.007975,0.007991,0,0,0,,batch,0,yes,photoautotrophic,none,none,sodium nitrate,initial,none,single-stage,white,mTAP,fluorescent,0.2,Chlorella minutissima
HL,photoautotrophic,stationary,0.15,25,60,0,24,16,0,no,0.281651,0.0315,0,0,0,0.028,0.013632,0.018079,0.007975,0.007991,0,0,0,,batch,0,yes,photoautotrophic,none,none,sodium nitrate,initial,none,single-stage,white,mTAP,fluorescent,0.2,Chlorella minutissima
HL,photoautotrophic,stationary,0.15,25,60,0,24,16,0,no,0.35169,0.0315,0,0,0,0.028,0.013632,0.018079,0.007975,0.007991,0,0,0,,batch,0,yes,photoautotrophic,none,none,sodium nitrate,initial,none,single-stage,white,mTAP,fluorescent,0.2,Chlorella minutissima
LL,photoautotrophic,stationary,0.15,25,60,0,24,16,0,no,0.063322,0,0,0,0,0.028,0.013632,0.018079,0.007975,0.007991,0,0,0,,batch,0,yes,photoautotrophic,none,none,sodium nitrate,initial,none,single-stage,white,mTAP,fluorescent,0.2,Chlorella minutissima
HL,photoautotrophic,stationary,0.15,25,60,0,24,16,0,no,0.063322,0.015,0,0,0,0.028,0.013632,0.018079,0.007975,0.007991,0,0,0,,batch,0,yes,photoautotrophic,none,none,sodium nitrate,initial,none,single-stage,white,mTAP,fluorescent,0.2,Chlorella minutissima
HL,photoautotrophic,stationary,0.15,25,60,0,24,16,0,no,0.063322,0.031,0,0,0,0.028,0.013632,0.018079,0.007975,0.007991,0,0,0,,batch,0,yes,photoautotrophic,none,none,sodium nitrate,initial,none,single-stage,white,mTAP,fluorescent,0.2,Chlorella minutissima
HL,photoautotrophic,stationary,0.15,25,60,0,24,16,0,no,0.063322,0.046,0,0,0,0.028,0.013632,0.018079,0.007975,0.007991,0,0,0,,batch,0,yes,photoautotrophic,none,none,sodium nitrate,initial,none,single-stage,white,mTAP,fluorescent,0.2,Chlorella minutissima
HL,photoautotrophic,stationary,0.15,25,60,0,24,16,0,no,0.063322,0.0619,0,0,0,0.028,0.013632,0.018079,0.007975,0.007991,0,0,0,,batch,0,yes,photoautotrophic,none,none,sodium nitrate,initial,none,single-stage,white,mTAP,fluorescent,0.2,Chlorella minutissima
HL,photoautotrophic,stationary,0.15,25,60,0,24,16,0,no,0.063322,0.077,0,0,0,0.028,0.013632,0.018079,0.007975,0.007991,0,0,0,,batch,0,yes,photoautotrophic,none,none,sodium nitrate,initial,none,single-stage,white,mTAP,fluorescent,0.2,Chlorella minutissima
HL,photoautotrophic,stationary,0.15,25,60,0,24,16,0,no,0.063322,0.093,0,0,0,0.028,0.013632,0.018079,0.007975,0.007991,0,0,0,,batch,0,yes,photoautotrophic,none,none,sodium nitrate,initial,none,single-stage,white,mTAP,fluorescent,0.2,Chlorella minutissima
HL,photoautotrophic,stationary,0.15,25,120,0,24,16,0,no,0.2473,0.03097,0,0,0,0.028,0.013632,0.018079,0.007975,0.007991,0,0,0,7,batch,0,yes,photoautotrophic,none,none,sodium nitrate,initial,none,single-stage,white,mTAP,fluorescent,0.2,Chlorella minutissima
HL,photoautotrophic,stationary,0.15,15,60,0,24,16,0,no,0.2473,0.03097,0,0,0,0.028,0.013632,0.018079,0.007975,0.007991,0,0,0,7,batch,0,yes,photoautotrophic,none,none,sodium nitrate,initial,none,single-stage,white,mTAP,fluorescent,0.2,Chlorella minutissima
HL,photoautotrophic,stationary,0.15,20,60,0,24,16,0,no,0.2473,0.03097,0,0,0,0.028,0.013632,0.018079,0.007975,0.007991,0,0,0,7,batch,0,yes,photoautotrophic,none,none,sodium nitrate,initial,none,single-stage,white,mTAP,fluorescent,0.2,Chlorella minutissima
HL,photoautotrophic,stationary,0.15,25,60,0,24,16,0,no,0.2473,0.03097,0,0,0,0.028,0.013632,0.018079,0.007975,0.007991,0,0,0,7,batch,0,yes,photoautotrophic,none,none,sodium nitrate,initial,none,single-stage,white,mTAP,fluorescent,0.2,Chlorella minutissima
HL,photoautotrophic,stationary,0.15,30,60,0,24,16,0,no,0.2473,0.03097,0,0,0,0.028,0.013632,0.018079,0.007975,0.007991,0,0,0,7,batch,0,yes,photoautotrophic,none,none,sodium nitrate,initial,none,single-stage,white,mTAP,fluorescent,0.2,Chlorella minutissima
LL,photoautotrophic,stationary,0.15,35,60,0,24,16,0,no,0.2473,0.03097,0,0,0,0.028,0.013632,0.018079,0.007975,0.007991,0,0,0,7,batch,0,yes,photoautotrophic,none,none,sodium nitrate,initial,none,single-stage,white,mTAP,fluorescent,0.2,Chlorella minutissima
LL,photoautotrophic,stationary,0.15,40,60,0,24,16,0,no,0.2473,0.03097,0,0,0,0.028,0.013632,0.018079,0.007975,0.007991,0,0,0,7,batch,0,yes,photoautotrophic,none,none,sodium nitrate,initial,none,single-stage,white,mTAP,fluorescent,0.2,Chlorella minutissima
LL,photoautotrophic,stationary,0.2,28,81,0,12,4,0.04,yes,0.041207,0.053215,0,0,0.025,0.083931,0.006816,0.001004,0.000002,0.000064,0.05,0,0,7,batch,0,yes,photoautotrophic,carbon dioxide,none,sodium nitrate,initial,none,single-stage,purple-pink,BBM,fluorescent,0.02,Chlorella vulgaris
LL,mixotrophic,stationary,0.2,28,81,0,12,2,0.04,yes,0.041207,0.053215,0,0.399987,0.025,0.083931,0.006816,0.001004,0.000002,0.000064,0.05,0,0,7,batch,0,yes,photoautotrophic,carbon dioxide,glucose,sodium nitrate,initial,none,single-stage,purple-pink,mBBM,fluorescent,0.02,Chlorella vulgaris
LL,mixotrophic,stationary,0.2,28,81,0,12,2,0.04,yes,0.041207,0.053215,0,0.399987,0.0625,0.083931,0.006816,0.001004,0.000002,0.000064,0.05,0,0,7,batch,0,yes,photoautotrophic,carbon dioxide,glucose,sodium nitrate,initial,none,single-stage,purple-pink,mBBM,fluorescent,0.02,Chlorella vulgaris
LL,mixotrophic,stationary,0.2,28,81,0,12,2,0.04,yes,0.041207,0.053215,0,0.399987,0.125,0.083931,0.006816,0.001004,0.000002,0.000064,0.05,0,0,7,batch,0,yes,photoautotrophic,carbon dioxide,glucose,sodium nitrate,initial,none,single-stage,purple-pink,mBBM,fluorescent,0.02,Chlorella vulgaris
LL,mixotrophic,stationary,0.2,28,81,0,12,2,0.04,yes,0.041207,0.053215,0,0.399987,0.187,0.083931,0.006816,0.001004,0.000002,0.000064,0.05,0,0,7,batch,0,yes,photoautotrophic,carbon dioxide,glucose,sodium nitrate,initial,none,single-stage,purple-pink,mBBM,fluorescent,0.02,Chlorella vulgaris
LL,mixotrophic,stationary,0.2,28,81,0,12,2,0.04,yes,0.041207,0.053215,0,0.399987,0.25,0.083931,0.006816,0.001004,0.000002,0.000064,0.05,0,0,7,batch,0,yes,photoautotrophic,carbon dioxide,glucose,sodium nitrate,initial,none,single-stage,purple-pink,mBBM,fluorescent,0.02,Chlorella vulgaris
HL,mixotrophic,stationary,0.2,28,81,0,12,2,0.04,yes,0.041207,0.053215,0,0.399987,1.25,0.083931,0.006816,0.001004,0.000002,0.000064,0.05,0,0,7,batch,0,yes,photoautotrophic,carbon dioxide,glucose,sodium nitrate,initial,none,single-stage,purple-pink,mBBM,fluorescent,0.02,Chlorella vulgaris
LL,photoautotrophic,stationary,0.1,15,67,0,12,7,0.04,yes,0.412063,0.088998,2.401771,0,1,0.224431,0.005453,0.002009,0.000009,0.00002,0,0,0,9.5,batch,0,no,photoautotrophic,"sodium bicarbonate, carbon dioxide",none,sodium nitrate,constant,potassium hydroxide,single-stage,,mZarrouck,,1,Chlorella variabilis
LL,photoautotrophic,stationary,0.1,15,67,0,12,7,2,yes,0.412063,0.088998,2.401771,0,1,0.224431,0.005453,0.002009,0.000009,0.00002,0,0,0,9.5,batch,0,no,photoautotrophic,"sodium bicarbonate, carbon dioxide",none,sodium nitrate,constant,potassium hydroxide,single-stage,,mZarrouck,,1,Chlorella variabilis
LL,photoautotrophic,stationary,0.1,15,67,0,12,7,5,yes,0.412063,0.088998,2.401771,0,1,0.224431,0.005453,0.002009,0.000009,0.00002,0,0,0,9.5,batch,0,no,photoautotrophic,"sodium bicarbonate, carbon dioxide",none,sodium nitrate,constant,potassium hydroxide,single-stage,,mZarrouck,,1,Chlorella variabilis
LL,photoautotrophic,stationary,0.1,15,67,0,12,7,0,no,0.412063,0.088998,2.401771,0,1,0.224431,0.005453,0.002009,0.000009,0.00002,0,0,0,8,repeated fed-batch,0,no,photoautotrophic,sodium bicarbonate,none,sodium nitrate,constant,potassium hydroxide,single-stage,,mZarrouck,,1,Chlorella variabilis
LL,photoautotrophic,stationary,0.1,15,67,0,12,7,0,no,0.412063,0.088998,2.401771,0,1,0.224431,0.005453,0.002009,0.000009,0.00002,0,0,0,9.5,repeated fed-batch,0,no,photoautotrophic,sodium bicarbonate,none,sodium nitrate,constant,potassium hydroxide,single-stage,,mZarrouck,,1,Chlorella variabilis
HL,photoautotrophic,stationary,0.1,15,67,0,12,7,0,no,0.412063,0.088998,2.401771,0,1,0.224431,0.005453,0.002009,0.000009,0.00002,0,0,0,12,repeated fed-batch,0,no,photoautotrophic,sodium bicarbonate,none,sodium nitrate,constant,potassium hydroxide,single-stage,,mZarrouck,,1,Chlorella variabilis
HL,photoautotrophic,stationary,0.4,30,1200,0,24,8,1.5,yes,0.24724,0.00712,0.002266,0,0,0.017955,0.009815,0,0.00001,0.00002,0,0.001,0,7.4,batch,0,yes,photoautotrophic,"sodium carbonate, carbon dioxide",none,sodium nitrate,initial,none,single-stage,white,BG11,fluorescent,1,Chlorella fusca
HL,photoautotrophic,stationary,0.4,30,1200,0,24,8,1.5,yes,0.000005,0.00712,0.002266,0,1.5,0.017955,0.009815,0,0.00001,0.00002,0,0.001,0,7.4,batch,0,yes,photoautotrophic,"sodium carbonate, carbon dioxide",none,none,initial,none,single-stage,white,mBG11,fluorescent,1,Chlorella fusca
LL,photoautotrophic,stationary,1.4,30,100,0,24,10,0.03,yes,0.0879,0.0836,0,0,0,0.064,0.013632,0.019887,0.00652,0.007991,0,0.001,0,7,batch,0,yes,photoautotrophic,carbon dioxide,none,none,initial,none,single-stage,,mTAP,,0.1,Chlorella sp
HL,photoautotrophic,stationary,1.4,30,100,0,24,10,1,yes,0.0879,0.0836,0,0,0,0.064,0.013632,0.019887,0.00652,0.007991,0,0.001,0,7,batch,0,yes,photoautotrophic,carbon dioxide,none,none,initial,none,single-stage,,mTAP,,0.1,Chlorella sp
LL,photoautotrophic,stationary,1.4,30,100,0,24,10,2,yes,0.0879,0.0836,0,0,0,0.064,0.013632,0.019887,0.00652,0.007991,0,0.001,0,7,batch,0,yes,photoautotrophic,carbon dioxide,none,none,initial,none,single-stage,,mTAP,,0.1,Chlorella sp
LL,photoautotrophic,stationary,1.4,30,100,0,24,10,3,yes,0.0879,0.0836,0,0,0,0.064,0.013632,0.019887,0.00652,0.007991,0,0.001,0,7,batch,0,yes,photoautotrophic,carbon dioxide,none,none,initial,none,single-stage,,mTAP,,0.1,Chlorella sp
LL,photoautotrophic,stationary,1.4,30,100,0,24,10,5,yes,0.0879,0.0836,0,0,0,0.064,0.013632,0.019887,0.00652,0.007991,0,0.001,0,7,batch,0,yes,photoautotrophic,carbon dioxide,none,none,initial,none,single-stage,,mTAP,,0.1,Chlorella sp
LL,photoautotrophic,stationary,1.4,30,100,0,24,10,10,yes,0.0879,0.0836,0,0,0,0.064,0.013632,0.019887,0.00652,0.007991,0,0.001,0,7,batch,0,yes,photoautotrophic,carbon dioxide,none,none,initial,none,single-stage,,mTAP,,0.1,Chlorella sp
LL,photoautotrophic,stationary,5,25,350,0,24,10,0.04,yes,0.041253,0.053215,0,0,0.025,0.105534,0.006816,0.000799,0.000099,0.0004,0,0.05,0,,batch,0,yes,photoautotrophic,carbon dioxide,none,sodium nitrate,initial,none,single-stage,,BBM,fluorescent,0.3,Chlorella vulgaris
HL,photoautotrophic,stationary,5,25,350,0,24,10,3,yes,0.041253,0.053215,0,0,0.025,0.105534,0.006816,0.000799,0.000099,0.0004,0,0.05,0,,batch,0,yes,photoautotrophic,carbon dioxide,none,sodium nitrate,initial,none,single-stage,,BBM,fluorescent,0.3,Chlorella vulgaris
HL,photoheterotrophic,stationary,5,25,350,0,24,10,0,yes,0.041253,0.053215,0,0.146403,0.025,0.105534,0.006816,0.000799,0.000099,0.0004,0,0.05,0,,repeated fed-batch,0,yes,photoautotrophic,none,sodium acetate,sodium nitrate,initial,none,single-stage,,BBM,fluorescent,0.3,Chlorella vulgaris
HL,photoautotrophic,stationary,5,25,350,0,24,10,0,yes,0.041253,0.053215,0.071481,0,0.025,0.105534,0.006816,0.000799,0.000099,0.0004,0,0.05,0,,repeated fed-batch,0,yes,photoautotrophic,sodium bicarbonate,none,sodium nitrate,initial,none,single-stage,,BBM,fluorescent,0.3,Chlorella vulgaris
HL,photoheterotrophic,stationary,5,25,350,0,24,10,0,yes,0.041253,0.053215,0,0.179052,0.025,0.105534,0.006816,0.000799,0.000099,0.0004,0,0.05,0,,repeated fed-batch,0,yes,photoautotrophic,none,molasses,sodium nitrate,initial,none,single-stage,,BBM,fluorescent,0.3,Chlorella vulgaris
HL,photoautotrophic,stationary,5,25,350,0,24,8,0.04,yes,0.000047,0.053215,0,0,0.025,0.105534,0.006816,0.000799,0.000099,0.0004,0,0.05,0,,batch,0,yes,photoautotrophic,carbon dioxide,none,none,initial,none,single-stage,,mBBM,fluorescent,1,Chlorella vulgaris
HL,photoautotrophic,stationary,5,25,350,0,24,7,3,yes,0.000047,0.053215,0,0,0.025,0.105534,0.006816,0.000799,0.000099,0.0004,0,0.05,0,,batch,0,yes,photoautotrophic,carbon dioxide,none,none,initial,none,single-stage,,mBBM,fluorescent,1,Chlorella vulgaris
HL,photoheterotrophic,stationary,5,25,350,0,24,6,0,yes,0.000047,0.053215,0,0.146403,0.025,0.105534,0.006816,0.000799,0.000099,0.0004,0,0.05,0,,repeated fed-batch,0,yes,photoautotrophic,none,sodium acetate,none,initial,none,single-stage,,mBBM,fluorescent,1,Chlorella vulgaris
HL,photoautotrophic,stationary,5,25,350,0,24,6,0,yes,0.000047,0.053215,0.071481,0,0.025,0.105534,0.006816,0.000799,0.000099,0.0004,0,0.05,0,,repeated fed-batch,0,yes,photoautotrophic,sodium bicarbonate,none,none,initial,none,single-stage,,mBBM,fluorescent,1,Chlorella vulgaris
HL,photoheterotrophic,stationary,5,25,350,0,24,7,0,yes,0.000047,0.053215,0,0.179052,0.025,0.105534,0.006816,0.000799,0.000099,0.0004,0,0.05,0,,repeated fed-batch,0,yes,photoautotrophic,none,molasses,none,initial,none,single-stage,,mBBM,fluorescent,1,Chlorella vulgaris
HL,photoautotrophic,stationary,2.5,25,150,0,24,4,2,yes,0.024724,0.006675,0,0.00225,0,0.016832,0.006816,0.00002,0,0,0,0.00075,0,7,batch,0,yes,heterotrophic,none,none,sodium nitrate,initial,none,single-stage,,Allen,fluorescent,0.3,Chlorella pyrenoidosa
HL,photoautotrophic,stationary,2.5,25,150,0,24,4,2,yes,0.041206,0.053215,0,0,0,0.083931,0.006816,0.00002,0,0,0,0.00075,0,7,batch,0,yes,heterotrophic,none,none,sodium nitrate,initial,none,single-stage,,BBM,fluorescent,0.3,Chlorella pyrenoidosa
HL,photoautotrophic,stationary,2.5,25,150,0,24,4,2,yes,0.247235,0.00712,0,0.00225,0,0.017955,0.009815,0.00127,0,0.00002,0,0.001,0,7,batch,0,yes,heterotrophic,none,none,sodium nitrate,initial,none,single-stage,,BG11,fluorescent,0.3,Chlorella pyrenoidosa
HL,photoautotrophic,stationary,2.5,25,150,0,24,4,2,yes,0.082417,0.001749,0,0,0,0,0,0.000806,0.000012,0.000003,0,0.00435,0,7,batch,0,yes,heterotrophic,none,none,sodium nitrate,initial,none,single-stage,,F-Si,fluorescent,0.3,Chlorella pyrenoidosa
LL,photoautotrophic,stationary,2.5,25,150,0,24,4,2,yes,0.17327,0.222494,0,0,0,1.044463,0.022765,0.018308,0.00001,0.0004,0,0.05,0,7,batch,0,yes,heterotrophic,none,none,potassium nitrate,initial,none,single-stage,,SK,fluorescent,0.3,Chlorella pyrenoidosa
HL,photoautotrophic,stationary,2.5,25,150,0,24,4,2,yes,0.0467139,0.003974,0,0,0,0,0,0.002686,0.000495,0.000509,0,0.004,0,7,batch,0,yes,heterotrophic,none,none,urea,initial,none,single-stage,,Walne,fluorescent,0.3,Chlorella pyrenoidosa
LL,photoautotrophic,stationary,1,23,120,0,16,24,0.04,yes,0.248045,0.00712,0.002266,0.003906,0,0.017955,0.009815,0.000642,0.00001,0.00002,0,0.001,0,,batch,0,yes,photoautotrophic,"sodium carbonate, carbon dioxide",none,sodium nitrate,initial,none,single-stage,,BG11,fluorescent,0.01,Chlorella sp
LL,photoautotrophic,stationary,1,23,120,0,16,24,0.04,yes,0.124427,0.00712,0.002266,0.003906,0,0.017955,0.009815,0.000642,0.00001,0.00002,0,0.001,0,,batch,0,yes,photoautotrophic,"sodium carbonate, carbon dioxide",none,sodium nitrate,initial,none,single-stage,,mBG11,fluorescent,0.01,Chlorella sp
LL,photoautotrophic,stationary,1,23,120,0,16,24,0.04,yes,0.083221,0.00712,0.002266,0.003906,0,0.017955,0.009815,0.000642,0.00001,0.00002,0,0.001,0,,batch,0,yes,photoautotrophic,"sodium carbonate, carbon dioxide",none,sodium nitrate,initial,none,single-stage,,mBG11,fluorescent,0.01,Chlorella sp
HL,photoautotrophic,stationary,1,23,120,0,16,24,0.04,yes,0.062618,0.00712,0.002266,0.003906,0,0.017955,0.009815,0.000642,0.00001,0.00002,0,0.001,0,,batch,0,yes,photoautotrophic,"sodium carbonate, carbon dioxide",none,sodium nitrate,initial,none,single-stage,,mBG11,fluorescent,0.01,Chlorella sp
HL,photoautotrophic,stationary,2.4,25,70,0,12,10,0.02,yes,0.248045,0.00712,0.002266,0.003906,0,0.017955,0.009815,0.000642,0.00001,0.00002,0,0.001,0,8.3,batch,0,yes,photoautotrophic,"sodium carbonate, carbon dioxide",none,sodium nitrate,initial,none,single-stage,white,BG11,fluorescent,0.002,Chlorella sorokiniana
HL,photoautotrophic,stationary,2.4,25,70,0,12,10,5,yes,0.248045,0.00712,0.002266,0.003906,0,0.017955,0.009815,0.000642,0.00001,0.00002,0,0.001,0,6.7,batch,0,yes,photoautotrophic,"sodium carbonate, carbon dioxide",none,sodium nitrate,initial,none,single-stage,white,BG11,fluorescent,0.002,Chlorella sorokiniana
HL,photoautotrophic,stationary,2.4,25,70,0,12,10,10,yes,0.248045,0.00712,0.002266,0.003906,0,0.017955,0.009815,0.000642,0.00001,0.00002,0,0.001,0,5.7,batch,0,yes,photoautotrophic,"sodium carbonate, carbon dioxide",none,sodium nitrate,initial,none,single-stage,white,BG11,fluorescent,0.002,Chlorella sorokiniana
HL,photoautotrophic,stationary,2.4,25,70,0,12,10,15,yes,0.248045,0.00712,0.002266,0.003906,0,0.017955,0.009815,0.000642,0.00001,0.00002,0,0.001,0,5.3,batch,0,yes,photoautotrophic,"sodium carbonate, carbon dioxide",none,sodium nitrate,initial,none,single-stage,white,BG11,fluorescent,0.002,Chlorella sorokiniana
LL,photoautotrophic,stationary,0.25,25,130,0,14,8,1.5,yes,0.069286,0.222494,0,0,0,0.754432,0,0.001808,0.00001,0.00002,0,0.037,0,,batch,0,yes,photoautotrophic,carbon dioxide,none,potassium nitrate,initial,none,single-stage,,mTamiya,,0.01,Chlorella vulgaris
LL,photoautotrophic,stationary,0.25,25,130,0,14,8,1.5,yes,0.069286,0.222494,0,0,0,0.754432,0,0.001808,0.00001,0.00002,0,0.037,0,,batch,0,yes,photoautotrophic,carbon dioxide,none,potassium nitrate,initial,none,single-stage,,mTamiya,,0.01,Chlorella sp
LL,photoautotrophic,stationary,1,38.5,250,0,16,16,0.03,yes,0.041253,0.017336,0,0,0.025,0.038691,0.006543,0.001838,0.000099,0.0004,0,0,0,7,batch,0,yes,photoautotrophic,carbon dioxide,none,sodium nitrate,initial,none,single-stage,daylight,mBBM,sun,0.01,Chlorella pyrenoidosa
LL,photoautotrophic,stationary,1,28,50,0,24,16,0,no,0.041253,0.017336,0.643332,0,0.025,0.038691,0.006543,0.001838,0.000099,0.0004,0,0,0,7,batch,0,yes,photoautotrophic,sodium bicarbonate,none,sodium nitrate,initial,none,single-stage,,BBM,fluorescent,0.01,Chlorella pyrenoidosa
HL,photoautotrophic,stationary,1,38.5,250,0,16,16,0.03,yes,0.02065,0.017336,0,0,0.025,0.038691,0.006543,0.001838,0.000099,0.0004,0,0,0,7,batch,0,yes,photoautotrophic,carbon dioxide,none,sodium nitrate,initial,none,single-stage,daylight,mBBM,sun,0.01,Chlorella pyrenoidosa
LL,photoautotrophic,stationary,1,28,50,0,24,16,0,no,0.02065,0.017336,0.643332,0,0.025,0.038691,0.006543,0.001838,0.000099,0.0004,0,0,0,7,batch,0,yes,photoautotrophic,sodium bicarbonate,none,sodium nitrate,initial,none,single-stage,,mBBM,fluorescent,0.01,Chlorella pyrenoidosa
LL,photoautotrophic,stationary,1,28,50,0,24,16,0.03,yes,0.041253,0.017336,0,0,0.025,0.038691,0.006543,0.001838,0.000099,0.0004,0,0,0,7,batch,0,yes,photoautotrophic,carbon dioxide,none,sodium nitrate,initial,none,single-stage,,mBBM,fluorescent,0.01,Chlorella pyrenoidosa
LL,photoautotrophic,stationary,1,28,50,0,16,16,0,no,0.041253,0.017336,0.643332,0,0.025,0.038691,0.006543,0.001838,0.000099,0.0004,0,0,0,7,batch,0,yes,photoautotrophic,sodium bicarbonate,none,sodium nitrate,initial,none,single-stage,,BBM,fluorescent,0.1,Chlorella pyrenoidosa
LL,photoautotrophic,stationary,1,28,50,0,24,16,0,no,0.041253,0.017336,0.643332,0,0.025,0.038691,0.006543,0.001838,0.000099,0.0004,0,0,0,7,batch,0,yes,photoautotrophic,sodium bicarbonate,none,sodium nitrate,constant,carbon dioxide,single-stage,,BBM,fluorescent,0.01,Chlorella pyrenoidosa
HL,photoautotrophic,stationary,1,28,50,0,24,16,0,no,0.041253,0.017336,0.643332,0,0.025,0.038691,0.006543,0.001838,0.000099,0.0004,0,0,0,9,batch,0,yes,photoautotrophic,sodium bicarbonate,none,sodium nitrate,constant,carbon dioxide,single-stage,,BBM,fluorescent,0.01,Chlorella pyrenoidosa
LL,photoautotrophic,stationary,1,28,50,0,24,16,0,no,0.041253,0.017336,0.643332,0,0.025,0.038691,0.006543,0.001838,0.000099,0.0004,0,0,0,11,batch,0,yes,photoautotrophic,sodium bicarbonate,none,sodium nitrate,constant,carbon dioxide,single-stage,,BBM,fluorescent,0.01,Chlorella pyrenoidosa
HL,photoautotrophic,stationary,2.5,22,175,0,12,4,2,yes,0.082417,0.001749,0,0,0,0,0,0.000806,0.000012,0.000003,0,0.00435,0,7,batch,0,yes,heterotrophic,carbon dioxide,none,sodium nitrate,initial,none,single-stage,,mF-Si,fluorescent,0.3,Chlorella pyrenoidosa
HL,photoautotrophic,stationary,2.5,30,175,0,12,4,2,yes,0.082417,0.001749,0,0,0,0,0,0.000806,0.000012,0.000003,0,0.00435,0,7,batch,0,yes,heterotrophic,carbon dioxide,none,sodium nitrate,initial,none,single-stage,,mF-Si,fluorescent,0.3,Chlorella pyrenoidosa
HL,photoautotrophic,stationary,2.5,36,175,0,12,4,2,yes,0.082417,0.001749,0,0,0,0,0,0.000806,0.000012,0.000003,0,0.00435,0,7,batch,0,yes,heterotrophic,carbon dioxide,none,sodium nitrate,initial,none,single-stage,,mF-Si,fluorescent,0.3,Chlorella pyrenoidosa
HL,photoautotrophic,stationary,1.5,30,200,0,24,4,2,yes,0.082417,0.001749,0,0,0,0,0,0.000806,0.000012,0.000003,0,0.00435,0,7,batch,0,yes,heterotrophic,carbon dioxide,none,sodium nitrate,initial,none,single-stage,,mF-Si,fluorescent,0.3,Chlorella vulgaris
HL,photoautotrophic,stationary,1.5,30,200,0,24,4,2,yes,0.082417,0.001749,0,0,0,0,0,0.000806,0.000012,0.000003,0,0.00435,0,7,batch,0,yes,photoautotrophic,carbon dioxide,none,sodium nitrate,initial,none,single-stage,,mF-Si,fluorescent,0.3,Chlorella vulgaris
LL,photoautotrophic,stationary,0.1,25,150,120,24,14,5,yes,0.04001,0.077517,0.120099,0,0,0.307142,0.02004,0,0.000071,0.000083,0,0.027,0.009634,7,batch,0,yes,photoautotrophic,"sodium bicarbonate, carbon dioxide",none,potassium nitrate,constant,sodium hydroxide,single-stage,purple-pink,FreshwaterM,fluorescent,1.25,Chlorella vulgaris
HL,photoautotrophic,stationary,0.1,25,150,120,24,14,5,yes,0,0.077517,0.120099,0,0,0.19548,0.02004,0,0.000071,0.000083,0,0.027,0.009634,7,batch,0,yes,photoautotrophic,"sodium bicarbonate, carbon dioxide",none,none,constant,sodium hydroxide,single-stage,purple-pink,FreshwaterM,fluorescent,1.25,Chlorella vulgaris
HL,mixotrophic,stationary,1,25,60,300,24,8,0,no,0.123618,0.053215,0,3.999867,0.025,0.083931,0.006816,0.001033,0,0.000001,0,0,0,6.5,batch,0,no,photoheterotrophic,none,glucose,sodium nitrate,initial,hydrogen chloride,single-stage,white,mBristol-CZ-M1,fluorescent,0.01,Chlorella vulgaris
LL,mixotrophic,stationary,1,25,60,300,24,14,0,no,0.123618,0.053215,0,3.999867,0.025,0.083931,0.006816,0.001033,0,0.000001,0,0,0,6.5,batch,0,no,photoheterotrophic,none,fructose,sodium nitrate,initial,hydrogen chloride,single-stage,white,mBristol-CZ-M1,fluorescent,0.01,Chlorella vulgaris
LL,mixotrophic,stationary,1,25,60,300,24,10,0,no,0.123618,0.053215,0,3.999871,0.025,0.083931,0.006816,0.001033,0,0.000001,0,0,0,6.5,batch,0,no,photoheterotrophic,none,sucrose,sodium nitrate,initial,hydrogen chloride,single-stage,white,mBristol-CZ-M1,fluorescent,0.01,Chlorella vulgaris
LL,mixotrophic,stationary,1,25,60,300,24,10,0,no,0.123618,0.053215,0,3.998378,0.025,0.083931,0.006816,0.001033,0,0.000001,0,0,0,6.5,batch,0,no,photoheterotrophic,none,glycerol,sodium nitrate,initial,hydrogen chloride,single-stage,white,mBristol-CZ-M1,fluorescent,0.01,Chlorella vulgaris
LL,mixotrophic,stationary,1,25,60,300,24,10,0,no,0.123618,0.053215,0,4.00265,0.025,0.083931,0.006816,0.001033,0,0.000001,0,0,0,6.5,batch,0,no,photoheterotrophic,none,sodium acetate,sodium nitrate,initial,hydrogen chloride,single-stage,white,mBristol-CZ-M1,fluorescent,0.01,Chlorella vulgaris
HL,mixotrophic,stationary,1,25,60,300,24,12,0,no,0.123618,0.053215,0,3.999867,0.025,0.083931,0.006816,0.001033,0,0.000001,0,0,0,8.5,batch,0,no,photoheterotrophic,none,fructose,sodium nitrate,constant,hydrogen chloride,single-stage,white,mBristol-CZ-M1,fluorescent,0.01,Chlorella vulgaris
LL,mixotrophic,stationary,1,25,60,300,24,12,0,no,0.123618,0.053215,0,3.999871,0.025,0.083931,0.006816,0.001033,0,0.000001,0,0,0,8.5,batch,0,no,photoheterotrophic,none,sucrose,sodium nitrate,constant,hydrogen chloride,single-stage,white,mBristol-CZ-M1,fluorescent,0.01,Chlorella vulgaris
HL,mixotrophic,stationary,1,25,60,300,24,12,0,no,0.123618,0.053215,0,4.00265,0.025,0.083931,0.006816,0.001033,0,0.000001,0,0,0,8.5,batch,0,no,photoheterotrophic,none,sodium acetate,sodium nitrate,constant,hydrogen chloride,single-stage,white,mBristol-CZ-M1,fluorescent,0.01,Chlorella vulgaris
LL,mixotrophic,stationary,1,25,60,300,24,12,0,no,0.123618,0.053215,0,0.004,0.025,0.083931,0.006816,0.001033,0,0.000001,0,0,0,6,batch,0,no,photoheterotrophic,none,acetic acid,sodium nitrate,constant,acetic acid,single-stage,white,mBristol-CZ-M1,fluorescent,0.01,Chlorella vulgaris
HL,mixotrophic,stationary,1,25,60,300,24,12,0,no,0.123618,0.053215,0,0.004,0.025,0.083931,0.006816,0.001033,0,0.000001,0,0,0,6.5,batch,0,no,photoheterotrophic,none,acetic acid,sodium nitrate,constant,acetic acid,single-stage,white,mBristol-CZ-M1,fluorescent,0.01,Chlorella vulgaris
HL,mixotrophic,stationary,1,25,60,300,24,12,0,no,0.123618,0.053215,0,0.004,0.025,0.083931,0.006816,0.001033,0,0.000001,0,0,0,7,batch,0,no,photoheterotrophic,none,acetic acid,sodium nitrate,constant,acetic acid,single-stage,white,mBristol-CZ-M1,fluorescent,0.01,Chlorella vulgaris
HL,mixotrophic,stationary,1,25,60,300,24,12,0,no,0.123618,0.053215,0,0.004,0.025,0.083931,0.006816,0.001033,0,0.000001,0,0,0,7.5,batch,0,no,photoheterotrophic,none,acetic acid,sodium nitrate,constant,acetic acid,single-stage,white,mBristol-CZ-M1,fluorescent,0.01,Chlorella vulgaris
HL,mixotrophic,stationary,1,25,60,300,24,12,0,no,0.123618,0.053215,0,0.004,0.025,0.083931,0.006816,0.001033,0,0.000001,0,0,0,8,batch,0,no,photoheterotrophic,none,acetic acid,sodium nitrate,constant,acetic acid,single-stage,white,mBristol-CZ-M1,fluorescent,0.01,Chlorella vulgaris
HL,heterotrophic,stationary,0.1,24,0,120,0,8,0,no,0.334663,0.055038,0,15.999467,0.0057,0.086229,0.006816,0,0,0,0,0,0,6.5,batch,0,no,heterotrophic,none,glucose,peptone,initial,none,single-stage,no-color,mBristol,no-lamp,0.01,Chlorella saccharophila
HL,heterotrophic,stationary,0.1,24,0,120,0,8,0,no,0.334663,0.055038,0,19.911774,0.0057,0.086229,0.006816,0,0,0,0,0,0,6.5,batch,0,no,heterotrophic,none,"glucose, glycerol",peptone,initial,none,single-stage,no-color,mBristol,no-lamp,0.01,Chlorella saccharophila
HL,heterotrophic,stationary,0.1,24,0,120,0,8,0,no,0.608478,0.055038,0,17.955621,0.0057,0.086229,0.006816,0,0,0,0,0,0,6.5,batch,0,no,heterotrophic,none,"glucose, glycerol",peptone,initial,none,single-stage,no-color,mBristol,no-lamp,0.01,Chlorella saccharophila
HL,heterotrophic,stationary,0.1,24,0,120,0,8,0,no,0.334663,0.055038,0,9.955887,0.0057,0.086229,0.006816,0,0,0,0,0,0,6.5,batch,0,no,heterotrophic,none,"glucose, glycerol",peptone,initial,none,single-stage,no-color,mBristol,no-lamp,0.01,Chlorella saccharophila
HL,photoautotrophic,stationary,1,24,300,0,12,16,0,no,0.027526,0.00178,0.002266,0.013127,0,0.004489,0.039373,0.00798,0,0,0,0,0,,batch,0,no,photoautotrophic,sodium carbonate,none,calcium nitrate,initial,none,single-stage,white,CHU-10,fluorescent,0.2,Chlorella sp
HL,photoautotrophic,stationary,1,24,300,0,12,16,0,no,0,0.00178,0.002266,0.013127,0,0.004489,0,0.00798,0,0,0,0,0,,batch,0,no,photoautotrophic,sodium carbonate,none,none,initial,none,single-stage,white,mCHU-10,fluorescent,0.2,Chlorella sp
HL,photoautotrophic,stationary,1,24,300,0,12,16,0,no,0.027526,0,0.002266,0.013127,0,0,0.039373,0.00798,0,0,0,0,0,,batch,0,no,photoautotrophic,sodium carbonate,none,calcium nitrate,initial,none,single-stage,white,mCHU-10,fluorescent,0.2,Chlorella sp
HL,photoautotrophic,stationary,1,24,300,0,12,16,0,no,0.027526,0.00178,0.002266,0.013127,0,0.004489,0.039373,0,0,0,0,0,0,,batch,0,no,photoautotrophic,sodium carbonate,none,calcium nitrate,initial,none,single-stage,white,mCHU-10,fluorescent,0.2,Chlorella sp
HL,photoautotrophic,stationary,1,24,300,0,12,16,0,no,0,0,0.002266,0.013127,0,0,0,0,0,0,0,0,0,,batch,0,no,photoautotrophic,sodium carbonate,none,none,initial,none,single-stage,white,mCHU-10,fluorescent,0.2,Chlorella sp
LL,photoautotrophic,stationary,1,25,60,150,24,20,0,no,0.173674,0.284755,0.1428,0,0,0.842427,0.030153,0.010004,0.000992,0.003996,0,0.5,0,6.2,batch,0,no,photoautotrophic,sodium bicarbonate,none,sodium nitrate,initial,none,single-stage,white,mBM,fluorescent,0.02,Chlorella vulgaris
LL,photoautotrophic,stationary,1,25,60,150,24,20,2,yes,0.173674,0.284755,0,0,0,0.842427,0.030153,0.010004,0.000992,0.003996,0,0.5,0,6.2,batch,0,no,photoautotrophic,carbon dioxide,none,sodium nitrate,initial,none,single-stage,white,BM,fluorescent,0.02,Chlorella vulgaris
LL,heterotrophic,stationary,1,25,0,150,0,8,0,no,0.173674,0.284755,0,4,0,0.842427,0.030153,0.010004,0.000992,0.003996,0,0.5,0,6.2,batch,0,no,photoautotrophic,none,glucose,sodium nitrate,initial,none,single-stage,no-color,mBM,no-lamp,0.02,Chlorella vulgaris
HL,mixotrophic,stationary,1,25,60,150,24,8,0,no,0.173674,0.284755,0,4,0,0.842427,0.030153,0.010004,0.000992,0.003996,0,0.5,0,6.2,batch,0,no,photoautotrophic,none,glucose,sodium nitrate,initial,none,single-stage,white,mBM,fluorescent,0.02,Chlorella vulgaris
LL,mixotrophic,stationary,1,25,60,150,24,16,2,yes,0.173674,0.284755,0,4,0,0.842427,0.030153,0.010004,0.000992,0.003996,0,0.5,0,6.2,batch,0,no,photoautotrophic,carbon dioxide,glucose,sodium nitrate,initial,none,single-stage,white,mBM,fluorescent,0.02,Chlorella vulgaris
LL,photoautotrophic,stationary,1,25,60,150,24,17,0,no,0.123618,0.053215,0.1428,0,0.025,0.083931,0.006816,0.001033,0,0.000001,0,0,0,6.2,batch,0,no,photoautotrophic,sodium bicarbonate,none,sodium nitrate,initial,none,single-stage,white,mBristol-CZ-M1,fluorescent,0.02,Chlorella vulgaris
LL,photoautotrophic,stationary,1,25,60,150,24,17,2,yes,0.123618,0.053215,0,0,0.025,0.083931,0.006816,0.001033,0,0.000001,0,0,0,6.2,batch,0,no,photoautotrophic,carbon dioxide,none,sodium nitrate,initial,none,single-stage,white,mBristol-CZ-M1,fluorescent,0.02,Chlorella vulgaris
LL,heterotrophic,stationary,1,25,0,150,0,8,0,no,0.123618,0.053215,0,4,0.025,0.083931,0.006816,0.001033,0,0.000001,0,0,0,6.2,batch,0,no,photoautotrophic,none,glucose,sodium nitrate,initial,none,single-stage,no-color,mBristol-CZ-M1,no-lamp,0.02,Chlorella vulgaris
HL,mixotrophic,stationary,1,25,60,150,24,8,0,no,0.123618,0.053215,0,4,0.025,0.083931,0.006816,0.001033,0,0.000001,0,0,0,6.2,batch,0,no,photoautotrophic,none,glucose,sodium nitrate,initial,none,single-stage,white,mBristol-CZ-M1,fluorescent,0.02,Chlorella vulgaris
HL,mixotrophic,stationary,1,25,60,150,24,12,2,yes,0.123618,0.053215,0,4,0.025,0.083931,0.006816,0.001033,0,0.000001,0,0,0,6.2,batch,0,no,photoautotrophic,carbon dioxide,glucose,sodium nitrate,initial,none,single-stage,white,mBristol-CZ-M1,fluorescent,0.02,Chlorella vulgaris
HL,photoautotrophic,stationary,1,25,60,150,24,10,0,no,0.01401,0.001549,0.1446,0,0,0.003905,0.010033,0.000651,0.000002,0.000003,0,0.00436,0,6.2,batch,0,no,photoautotrophic,sodium bicarbonate,none,sodium nitrate,initial,none,single-stage,white,MBL,fluorescent,0.02,Chlorella vulgaris
HL,photoautotrophic,stationary,1,25,60,150,24,10,2,yes,0.01401,0.001549,0.001801,0,0,0.003905,0.010033,0.000651,0.000002,0.000003,0,0.00436,0,6.2,batch,0,no,photoautotrophic,carbon dioxide,none,sodium nitrate,initial,none,single-stage,white,mMBL,fluorescent,0.02,Chlorella vulgaris
LL,heterotrophic,stationary,1,25,0,150,0,16,0,no,0.01401,0.001549,0.001801,4,0,0.003905,0.010033,0.000651,0.000002,0.000003,0,0.00436,0,6.2,batch,0,no,photoautotrophic,none,glucose,sodium nitrate,initial,none,single-stage,no-color,mMBL,no-lamp,0.02,Chlorella vulgaris
HL,mixotrophic,stationary,1,25,60,150,24,16,0,no,0.01401,0.001549,0.001801,4,0,0.003905,0.010033,0.000651,0.000002,0.000003,0,0.00436,0,6.2,batch,0,no,photoautotrophic,none,glucose,sodium nitrate,initial,none,single-stage,white,mMBL,fluorescent,0.02,Chlorella vulgaris
HL,mixotrophic,stationary,1,25,60,150,24,8,2,yes,0.01401,0.001549,0.001801,4,0,0.003905,0.010033,0.000651,0.000002,0.000003,0,0.00436,0,6.2,batch,0,no,photoautotrophic,carbon dioxide,glucose,sodium nitrate,initial,none,single-stage,white,mMBL,fluorescent,0.02,Chlorella vulgaris
LL,photoautotrophic,stationary,1,25,60,150,24,20,2,yes,0.173674,0.284755,0,0,0,0.842427,0.030153,0.010004,0.000992,0.003996,0,0.5,0,6.5,batch,0,yes,photoautotrophic,carbon dioxide,none,potassium nitrate,initial,none,single-stage,white,BM,fluorescent,0.01,Chlorella vulgaris
HL,photoautotrophic,stationary,1,25,60,150,24,20,2,yes,0.087073,0.284755,0,0,0,0.600735,0.030153,0.010004,0.000992,0.003996,0,0.5,0,6.5,batch,0,yes,photoautotrophic,carbon dioxide,none,potassium nitrate,initial,none,single-stage,white,mBM,fluorescent,0.01,Chlorella vulgaris
HL,photoautotrophic,stationary,1,25,60,150,24,20,2,yes,0.043842,0.284755,0,0,0,0.480082,0.030153,0.010004,0.000992,0.003996,0,0.5,0,6.5,batch,0,yes,photoautotrophic,carbon dioxide,none,potassium nitrate,initial,none,single-stage,white,mBM,fluorescent,0.01,Chlorella vulgaris
HL,photoautotrophic,stationary,1,25,60,150,24,20,2,yes,0.022087,0.284755,0,0,0,0.419369,0.030153,0.010004,0.000992,0.003996,0,0.5,0,6.5,batch,0,yes,photoautotrophic,carbon dioxide,none,potassium nitrate,initial,none,single-stage,white,mBM,fluorescent,0.01,Chlorella vulgaris
LL,photoautotrophic,stationary,80,25,160,0,18,20,0,no,0.012362,0.001123,0,0,0,0,0,0.000651,0.000002,0.000003,0,0.00416,0,7,batch,0,yes,photoautotrophic,none,none,sodium nitrate,initial,sodium hydroxide,single-stage,purple-pink,F/2,LED,0.47,Chlorella vulgaris
LL,photoautotrophic,stationary,80,25,160,0,18,20,0,no,0.012362,0.001123,0.003574,0,0,0,0,0.000651,0.000002,0.000003,0,0.00416,0,7,batch,0,yes,photoautotrophic,sodium bicarbonate,none,sodium nitrate,initial,sodium hydroxide,single-stage,purple-pink,mF/2,LED,0.47,Chlorella vulgaris
LL,photoautotrophic,stationary,80,25,160,0,18,20,0,no,0.012362,0.001123,0.007148,0,0,0,0,0.000651,0.000002,0.000003,0,0.00416,0,7,batch,0,yes,photoautotrophic,sodium bicarbonate,none,sodium nitrate,initial,sodium hydroxide,single-stage,purple-pink,mF/2,LED,0.47,Chlorella vulgaris
LL,photoautotrophic,stationary,80,25,160,0,18,20,0,no,0.012362,0.001123,0.142963,0,0,0,0,0.000651,0.000002,0.000003,0,0.00416,0,7,batch,0,yes,photoautotrophic,sodium bicarbonate,none,sodium nitrate,initial,sodium hydroxide,single-stage,purple-pink,mF/2,LED,0.47,Chlorella vulgaris
LL,photoautotrophic,stationary,80,25,160,0,18,20,0,no,0.012362,0.001123,0.214444,0,0,0,0,0.000651,0.000002,0.000003,0,0.00416,0,7,batch,0,yes,photoautotrophic,sodium bicarbonate,none,sodium nitrate,initial,sodium hydroxide,single-stage,purple-pink,mF/2,LED,0.47,Chlorella vulgaris
HL,photoautotrophic,stationary,80,25,160,0,18,20,0,no,0.012362,0.001123,0.285925,0,0,0,0,0.000651,0.000002,0.000003,0,0.00416,0,7,batch,0,yes,photoautotrophic,sodium bicarbonate,none,sodium nitrate,initial,sodium hydroxide,single-stage,purple-pink,mF/2,LED,0.47,Chlorella vulgaris
HL,photoautotrophic,stationary,1,25,400,0,12,12,0.04,yes,0.248045,0.005429,0.002266,0.003906,0,0.01369,0.009815,0.000642,0.00001,0.00002,0,0.001,0,,batch,0,yes,photoautotrophic,"sodium carbonate, carbon dioxide",none,sodium nitrate,initial,none,single-stage,white,BG11,fluorescent,0.05,Chlorella sorokiniana
HL,mixotrophic,stationary,1,25,400,0,12,12,0.04,yes,0.248045,0.005429,0.002266,2.00384,0,0.01369,0.009815,0.000642,0.00001,0.00002,0,0.001,0,,batch,0,yes,photoautotrophic,"sodium carbonate, carbon dioxide",glucose,sodium nitrate,initial,none,single-stage,white,mBG11,fluorescent,0.05,Chlorella sorokiniana
HL,mixotrophic,stationary,1,25,400,0,12,12,0.04,yes,0.248045,0.005429,0.002266,4.003773,0,0.01369,0.009815,0.000642,0.00001,0.00002,0,0.001,0,,batch,0,yes,photoautotrophic,"sodium carbonate, carbon dioxide",glucose,sodium nitrate,initial,none,single-stage,white,mBG11,fluorescent,0.05,Chlorella sorokiniana
HL,mixotrophic,stationary,1,25,400,0,12,12,0.04,yes,0.248045,0.005429,0.002266,6.003706,0,0.01369,0.009815,0.000642,0.00001,0.00002,0,0.001,0,,batch,0,yes,photoautotrophic,"sodium carbonate, carbon dioxide",glucose,sodium nitrate,initial,none,single-stage,white,mBG11,fluorescent,0.05,Chlorella sorokiniana
HL,mixotrophic,stationary,1,25,400,0,12,12,0.04,yes,0.248045,0.005429,0.002266,8.00364,0,0.01369,0.009815,0.000642,0.00001,0.00002,0,0.001,0,,batch,0,yes,photoautotrophic,"sodium carbonate, carbon dioxide",glucose,sodium nitrate,initial,none,single-stage,white,mBG11,fluorescent,0.05,Chlorella sorokiniana
HL,mixotrophic,stationary,1,25,400,0,12,12,0.04,yes,0.248045,0.005429,0.002266,10.003573,0,0.01369,0.009815,0.000642,0.00001,0.00002,0,0.001,0,,batch,0,yes,photoautotrophic,"sodium carbonate, carbon dioxide",glucose,sodium nitrate,initial,none,single-stage,white,mBG11,fluorescent,0.05,Chlorella sorokiniana
LL,photoautotrophic,log,0.15,25,55,160,16,4,0,no,0.24885,0.00712,0.002266,0.003312,0,0.017955,0.009815,0.001283,0.00001,0.00002,0,0.001,0,7,batch,0,yes,photoautotrophic,sodium carbonate,none,sodium nitrate,initial,none,single-stage,,BG11,fluorescent,0.1,Chlorella vulgaris
LL,mixotrophic,log,0.15,25,55,160,16,4,0,no,0.24885,0.00712,0.002266,2.003245,0,0.017955,0.009815,0.001283,0.00001,0.00002,0,0.001,0,7,batch,0,yes,photoautotrophic,sodium carbonate,glucose,sodium nitrate,initial,none,single-stage,,mBG11,fluorescent,0.1,Chlorella vulgaris
LL,mixotrophic,log,0.15,25,55,160,16,4,0,no,0.24885,0.00712,0.002266,4.003178,0,0.017955,0.009815,0.001283,0.00001,0.00002,0,0.001,0,7,batch,0,yes,photoautotrophic,sodium carbonate,glucose,sodium nitrate,initial,none,single-stage,,mBG11,fluorescent,0.1,Chlorella vulgaris
LL,mixotrophic,log,0.15,25,55,160,16,4,0,no,0.24885,0.00712,0.002266,6.003112,0,0.017955,0.009815,0.001283,0.00001,0.00002,0,0.001,0,7,batch,0,yes,photoautotrophic,sodium carbonate,glucose,sodium nitrate,initial,none,single-stage,,mBG11,fluorescent,0.1,Chlorella vulgaris
LL,mixotrophic,log,0.15,25,55,160,16,4,0,no,0.24885,0.00712,0.002266,8.003045,0,0.017955,0.009815,0.001283,0.00001,0.00002,0,0.001,0,7,batch,0,yes,photoautotrophic,sodium carbonate,glucose,sodium nitrate,initial,none,single-stage,,mBG11,fluorescent,0.1,Chlorella vulgaris
LL,mixotrophic,log,0.15,25,55,160,16,4,0,no,0.24885,0.00712,0.002266,10.002979,0,0.017955,0.009815,0.001283,0.00001,0.00002,0,0.001,0,7,batch,0,yes,photoautotrophic,sodium carbonate,glucose,sodium nitrate,initial,none,single-stage,,mBG11,fluorescent,0.1,Chlorella vulgaris
LL,heterotrophic,log,0.15,25,0,160,0,4,0,no,0.24885,0.00712,0.002266,2.003245,0,0.017955,0.009815,0.001283,0.00001,0.00002,0,0.001,0,7,batch,0,yes,photoautotrophic,sodium carbonate,glucose,sodium nitrate,initial,none,single-stage,no-color,mBG11,no-lamp,0.1,Chlorella vulgaris
LL,heterotrophic,log,0.15,25,0,160,0,4,0,no,0.24885,0.00712,0.002266,4.003178,0,0.017955,0.009815,0.001283,0.00001,0.00002,0,0.001,0,7,batch,0,yes,photoautotrophic,sodium carbonate,glucose,sodium nitrate,initial,none,single-stage,no-color,mBG11,no-lamp,0.1,Chlorella vulgaris
LL,heterotrophic,log,0.15,25,0,160,0,4,0,no,0.24885,0.00712,0.002266,6.003112,0,0.017955,0.009815,0.001283,0.00001,0.00002,0,0.001,0,7,batch,0,yes,photoautotrophic,sodium carbonate,glucose,sodium nitrate,initial,none,single-stage,no-color,mBG11,no-lamp,0.1,Chlorella vulgaris
LL,heterotrophic,log,0.15,25,0,160,0,4,0,no,0.24885,0.00712,0.002266,8.003045,0,0.017955,0.009815,0.001283,0.00001,0.00002,0,0.001,0,7,batch,0,yes,photoautotrophic,sodium carbonate,glucose,sodium nitrate,initial,none,single-stage,no-color,mBG11,no-lamp,0.1,Chlorella vulgaris
LL,heterotrophic,log,0.15,25,0,160,0,4,0,no,0.24885,0.00712,0.002266,10.002979,0,0.017955,0.009815,0.001283,0.00001,0.00002,0,0.001,0,7,batch,0,yes,photoautotrophic,sodium carbonate,glucose,sodium nitrate,initial,none,single-stage,no-color,mBG11,no-lamp,0.1,Chlorella vulgaris
HL,photoautotrophic,stationary,0.15,25,55,160,16,10,0,no,0.24885,0.00712,0.002266,0.003312,0,0.017955,0.009815,0.001283,0.00001,0.00002,0,0.001,0,7,batch,0,yes,photoautotrophic,sodium carbonate,none,sodium nitrate,initial,none,single-stage,,BG11,fluorescent,0.1,Chlorella vulgaris
HL,mixotrophic,stationary,0.15,25,55,160,16,10,0,no,0.24885,0.00712,0.002266,2.003245,0,0.017955,0.009815,0.001283,0.00001,0.00002,0,0.001,0,7,batch,0,yes,photoautotrophic,sodium carbonate,glucose,sodium nitrate,initial,none,single-stage,,mBG11,fluorescent,0.1,Chlorella vulgaris
HL,mixotrophic,stationary,0.15,25,55,160,16,10,0,no,0.24885,0.00712,0.002266,4.003178,0,0.017955,0.009815,0.001283,0.00001,0.00002,0,0.001,0,7,batch,0,yes,photoautotrophic,sodium carbonate,glucose,sodium nitrate,initial,none,single-stage,,mBG11,fluorescent,0.1,Chlorella vulgaris
HL,mixotrophic,stationary,0.15,25,55,160,16,10,0,no,0.24885,0.00712,0.002266,6.003112,0,0.017955,0.009815,0.001283,0.00001,0.00002,0,0.001,0,7,batch,0,yes,photoautotrophic,sodium carbonate,glucose,sodium nitrate,initial,none,single-stage,,mBG11,fluorescent,0.1,Chlorella vulgaris
HL,mixotrophic,stationary,0.15,25,55,160,16,10,0,no,0.24885,0.00712,0.002266,8.003045,0,0.017955,0.009815,0.001283,0.00001,0.00002,0,0.001,0,7,batch,0,yes,photoautotrophic,sodium carbonate,glucose,sodium nitrate,initial,none,single-stage,,mBG11,fluorescent,0.1,Chlorella vulgaris
HL,mixotrophic,stationary,0.15,25,55,160,16,10,0,no,0.24885,0.00712,0.002266,10.002979,0,0.017955,0.009815,0.001283,0.00001,0.00002,0,0.001,0,7,batch,0,yes,photoautotrophic,sodium carbonate,glucose,sodium nitrate,initial,none,single-stage,,mBG11,fluorescent,0.1,Chlorella vulgaris
HL,heterotrophic,stationary,0.15,25,0,160,0,10,0,no,0.24885,0.00712,0.002266,2.003245,0,0.017955,0.009815,0.001283,0.00001,0.00002,0,0.001,0,7,batch,0,yes,photoautotrophic,sodium carbonate,glucose,sodium nitrate,initial,none,single-stage,no-color,mBG11,no-lamp,0.1,Chlorella vulgaris
HL,heterotrophic,stationary,0.15,25,0,160,0,10,0,no,0.24885,0.00712,0.002266,4.003178,0,0.017955,0.009815,0.001283,0.00001,0.00002,0,0.001,0,7,batch,0,yes,photoautotrophic,sodium carbonate,glucose,sodium nitrate,initial,none,single-stage,no-color,mBG11,no-lamp,0.1,Chlorella vulgaris
HL,heterotrophic,stationary,0.15,25,0,160,0,10,0,no,0.24885,0.00712,0.002266,6.003112,0,0.017955,0.009815,0.001283,0.00001,0.00002,0,0.001,0,7,batch,0,yes,photoautotrophic,sodium carbonate,glucose,sodium nitrate,initial,none,single-stage,no-color,mBG11,no-lamp,0.1,Chlorella vulgaris
HL,heterotrophic,stationary,0.15,25,0,160,0,10,0,no,0.24885,0.00712,0.002266,8.003045,0,0.017955,0.009815,0.001283,0.00001,0.00002,0,0.001,0,7,batch,0,yes,photoautotrophic,sodium carbonate,glucose,sodium nitrate,initial,none,single-stage,no-color,mBG11,no-lamp,0.1,Chlorella vulgaris
HL,heterotrophic,stationary,0.15,25,0,160,0,10,0,no,0.24885,0.00712,0.002266,10.002979,0,0.017955,0.009815,0.001283,0.00001,0.00002,0,0.001,0,7,batch,0,yes,photoautotrophic,sodium carbonate,glucose,sodium nitrate,initial,none,single-stage,no-color,mBG11,no-lamp,0.1,Chlorella vulgaris
HL,mixotrophic,stationary,1,25,106.55,0,12,83,0.04,yes,0.040412,0.005012,0.01787,0.058561,0,0.006319,0.0009,0.001377,0,0.000025,0,0,0,,batch,0,no,photoautotrophic,sodium bicarbonate,"sodium acetate, carbon dioxide",ammonium chloride,initial,none,single-stage,,SWW,LED,0.18,Chlorella pyrenoidosa
HL,mixotrophic,stationary,1,25,106.55,0,12,83,0.04,yes,0.040412,0.005012,0.01787,0.058561,5,0.006319,0.0009,0.001377,0,0.000025,0,0,0,,batch,0,no,photoautotrophic,sodium bicarbonate,"sodium acetate, carbon dioxide",ammonium chloride,initial,none,single-stage,,mSWW,LED,0.18,Chlorella pyrenoidosa
HL,mixotrophic,stationary,1,25,106.55,0,12,83,0.04,yes,0.040412,0.005012,0.01787,0.058561,10,0.006319,0.0009,0.001377,0,0.000025,0,0,0,,batch,0,no,photoautotrophic,sodium bicarbonate,"sodium acetate, carbon dioxide",ammonium chloride,initial,none,single-stage,,mSWW,LED,0.18,Chlorella pyrenoidosa
HL,mixotrophic,stationary,1,25,106.55,0,12,83,0.04,yes,0.040412,0.005012,0.01787,0.058561,20,0.006319,0.0009,0.001377,0,0.000025,0,0,0,,batch,0,no,photoautotrophic,sodium bicarbonate,"sodium acetate, carbon dioxide",ammonium chloride,initial,none,single-stage,,mSWW,LED,0.18,Chlorella pyrenoidosa
HL,mixotrophic,stationary,1,25,106.55,0,12,83,0.04,yes,0.040412,0.005012,0.01787,0.058561,30,0.006319,0.0009,0.001377,0,0.000025,0,0,0,,batch,0,no,photoautotrophic,sodium bicarbonate,"sodium acetate, carbon dioxide",ammonium chloride,initial,none,single-stage,,mSWW,LED,0.18,Chlorella pyrenoidosa
HL,heterotrophic,stationary,0.75,25,0,100,0,3,0,no,0.692811,0.284755,0,0.08,0,2.292585,0,0.007432,0.000002,0.000003,0,0,0,7,repeated fed-batch,0,yes,photoheterotrophic,none,acetic acid,potassium nitrate,constant,acetic acid,single-stage,no-color,mTamiya,no-lamp,1,Chlorella vulgaris
HL,heterotrophic,stationary,10,25,0,100,0,3,0,no,0.692811,0.284755,0,0.08,0,2.292585,0,0.007432,0.000002,0.000003,0,0,0,7,repeated fed-batch,0,yes,photoheterotrophic,none,acetic acid,potassium nitrate,constant,acetic acid,single-stage,no-color,mTamiya,no-lamp,2.5,Chlorella vulgaris
LL,heterotrophic,log,0.75,25,0,100,0,3,0,no,0.692811,0.284755,0,0.08,0,2.292585,0,0.007432,0.000002,0.000003,0,0,0,7,repeated fed-batch,0,yes,photoheterotrophic,none,glucose,potassium nitrate,constant,hydrogen chloride,single-stage,no-color,mTamiya,no-lamp,4,Chlorella vulgaris
LL,heterotrophic,log,0.75,25,0,100,0,3,0,no,0.692811,0.284755,0,0.08,0,2.292585,0,0.007432,0.000002,0.000003,0,0,0,7,repeated fed-batch,0,yes,photoheterotrophic,none,glucose,potassium nitrate,constant,hydrogen chloride,single-stage,no-color,mTamiya,no-lamp,1,Chlorella vulgaris
LL,photoautotrophic,stationary,0.5,28,45,150,24,21,0,no,0.027717,0.045561,0,0,0,0.134788,0.054526,0.000011,0.00001,0.00002,0,0.0745,0,7,batch,0,yes,photoautotrophic,none,none,potassium nitrate,initial,"sodium chloride, hydrogen chloride",single-stage,white,FOGG,fluorescent,0.2,Chlorella sp
LL,photoautotrophic,stationary,0.5,28,45,150,24,21,0,no,0.027717,0.045561,0,0,11.708,0.134788,0.054526,0.000011,0.00001,0.00002,0,0.0745,0,7,batch,0,yes,photoautotrophic,none,none,potassium nitrate,initial,"sodium chloride, hydrogen chloride",single-stage,white,mFOGG,fluorescent,0.2,Chlorella sp
LL,photoautotrophic,stationary,0.5,28,45,150,24,21,0,no,0.027717,0.045561,0,0,29.27,0.134788,0.054526,0.000011,0.00001,0.00002,0,0.0745,0,7,batch,0,yes,photoautotrophic,none,none,potassium nitrate,initial,"sodium chloride, hydrogen chloride",single-stage,white,mFOGG,fluorescent,0.2,Chlorella sp
LL,photoautotrophic,stationary,0.5,28,45,150,24,21,0,no,0.027717,0.045561,0,0,46.832,0.134788,0.054526,0.000011,0.00001,0.00002,0,0.0745,0,7,batch,0,yes,photoautotrophic,none,none,potassium nitrate,initial,"sodium chloride, hydrogen chloride",single-stage,white,mFOGG,fluorescent,0.2,Chlorella sp
LL,photoautotrophic,stationary,0.5,28,45,150,24,21,0,no,0.027717,0.045561,0,0,64.394,0.134788,0.054526,0.000011,0.00001,0.00002,0,0.0745,0,7,batch,0,yes,photoautotrophic,none,none,potassium nitrate,initial,"sodium chloride, hydrogen chloride",single-stage,white,mFOGG,fluorescent,0.2,Chlorella sp
LL,photoautotrophic,stationary,0.5,28,45,150,24,15,0,no,0.027717,0.045561,0,0,0,0.134788,0.054526,0.000011,0.00001,0.00002,0,0.0745,0,7,batch,0,yes,photoautotrophic,none,none,potassium nitrate,initial,"sodium chloride, hydrogen chloride",single-stage,white,FOGG,fluorescent,0.2,Chlorella sp
LL,photoautotrophic,stationary,0.5,28,45,150,24,15,0,no,0.027717,0.045561,0,0,0,0.134788,0.054526,0.000011,0.00001,0.00002,0,0.0745,0,7,batch,0,yes,photoautotrophic,none,none,potassium nitrate,initial,"sodium chloride, hydrogen chloride",single-stage,red,FOGG,fluorescent,0.2,Chlorella sp
LL,photoautotrophic,stationary,0.5,28,45,150,24,15,0,no,0.027717,0.045561,0,0,0,0.134788,0.054526,0.000011,0.00001,0.00002,0,0.0745,0,7,batch,0,yes,photoautotrophic,none,none,potassium nitrate,initial,"sodium chloride, hydrogen chloride",single-stage,yellow,FOGG,fluorescent,0.2,Chlorella sp
LL,photoautotrophic,stationary,0.5,28,45,150,24,15,0,no,0.027717,0.045561,0,0,0,0.134788,0.054526,0.000011,0.00001,0.00002,0,0.0745,0,7,batch,0,yes,photoautotrophic,none,none,potassium nitrate,initial,"sodium chloride, hydrogen chloride",single-stage,green,FOGG,fluorescent,0.2,Chlorella sp
LL,photoautotrophic,stationary,0.5,28,31.5,150,24,15,0,no,0.027717,0.045561,0,0,0,0.134788,0.054526,0.000011,0.00001,0.00002,0,0.0745,0,7,batch,0,yes,photoautotrophic,none,none,potassium nitrate,initial,"sodium chloride, hydrogen chloride",single-stage,white,FOGG,fluorescent,0.2,Chlorella sp
LL,photoautotrophic,stationary,0.5,28,40.5,150,24,15,0,no,0.027717,0.045561,0,0,0,0.134788,0.054526,0.000011,0.00001,0.00002,0,0.0745,0,7,batch,0,yes,photoautotrophic,none,none,potassium nitrate,initial,"sodium chloride, hydrogen chloride",single-stage,white,FOGG,fluorescent,0.2,Chlorella sp
LL,photoautotrophic,stationary,0.5,28,49.5,150,24,15,0,no,0.027717,0.045561,0,0,0,0.134788,0.054526,0.000011,0.00001,0.00002,0,0.0745,0,7,batch,0,yes,photoautotrophic,none,none,potassium nitrate,initial,"sodium chloride, hydrogen chloride",single-stage,white,FOGG,fluorescent,0.2,Chlorella sp
LL,photoautotrophic,stationary,0.5,28,49.5,150,24,15,0,no,0.027717,0.045561,0,0,0,0.134788,0.054526,0.000011,0.00001,0.00002,0,0.0745,0,5,batch,0,yes,photoautotrophic,none,none,potassium nitrate,initial,"sodium chloride, hydrogen chloride",single-stage,white,FOGG,fluorescent,0.2,Chlorella sp
LL,photoautotrophic,stationary,0.5,28,49.5,150,24,15,0,no,0.027717,0.045561,0,0,0,0.134788,0.054526,0.000011,0.00001,0.00002,0,0.0745,0,6,batch,0,yes,photoautotrophic,none,none,potassium nitrate,initial,"sodium chloride, hydrogen chloride",single-stage,white,FOGG,fluorescent,0.2,Chlorella sp
LL,photoautotrophic,stationary,0.5,28,49.5,150,24,15,0,no,0.027717,0.045561,0,0,0,0.134788,0.054526,0.000011,0.00001,0.00002,0,0.0745,0,7,batch,0,yes,photoautotrophic,none,none,potassium nitrate,initial,"sodium chloride, hydrogen chloride",single-stage,white,FOGG,fluorescent,0.2,Chlorella sp
LL,photoautotrophic,stationary,0.5,28,49.5,150,24,15,0,no,0.027717,0.045561,0,0,0,0.134788,0.054526,0.000011,0.00001,0.00002,0,0.0745,0,8,batch,0,yes,photoautotrophic,none,none,potassium nitrate,initial,"sodium chloride, hydrogen chloride",single-stage,white,FOGG,fluorescent,0.2,Chlorella sp
LL,photoautotrophic,stationary,0.5,28,49.5,150,24,15,0,no,0.027717,0.045561,0,0,0,0.134788,0.054526,0.000011,0.00001,0.00002,0,0.0745,0,7,batch,0,yes,photoautotrophic,none,none,potassium nitrate,initial,"sodium chloride, hydrogen chloride",single-stage,white,FOGG,fluorescent,0.2,Chlorella sp
LL,photoautotrophic,stationary,0.5,28,49.5,150,16,15,0,no,0.027717,0.045561,0,0,0,0.134788,0.054526,0.000011,0.00001,0.00002,0,0.0745,0,7,batch,0,yes,photoautotrophic,none,none,potassium nitrate,initial,"sodium chloride, hydrogen chloride",single-stage,white,FOGG,fluorescent,0.2,Chlorella sp
LL,photoautotrophic,stationary,0.5,28,49.5,150,8,15,0,no,0.027717,0.045561,0,0,0,0.134788,0.054526,0.000011,0.00001,0.00002,0,0.0745,0,7,batch,0,yes,photoautotrophic,none,none,potassium nitrate,initial,"sodium chloride, hydrogen chloride",single-stage,white,FOGG,fluorescent,0.2,Chlorella sp
LL,photoautotrophic,stationary,0.25,25,130,110,24,7,1,yes,0.248064,0.005434,0.071481,0.003906,0,0.013703,0.009815,0.000642,0.00001,0.00002,0,0.001,0,8.1,batch,0,yes,photoautotrophic,"sodium bicarbonate, carbon dioxide",none,urea,initial,none,single-stage,,mBG11,LED,0.01,Chlorella sp
HL,photoautotrophic,stationary,0.25,25,130,110,24,7,1,yes,0.248045,0.005434,0.071481,0.003906,0,0.013703,0.009815,0.000642,0.00001,0.00002,0,0.001,0,8.1,batch,0,yes,photoautotrophic,"sodium bicarbonate, carbon dioxide",none,sodium nitrate,initial,none,single-stage,,mBG11,LED,0.01,Chlorella sp
LL,photoautotrophic,stationary,0.25,25,130,110,24,7,1,yes,0.248045,0.005434,0.071481,0.003906,0,0.702043,0.009815,0.000642,0.00001,0.00002,0,0.001,0,8.1,batch,0,yes,photoautotrophic,"sodium bicarbonate, carbon dioxide",none,potassium nitrate,initial,none,single-stage,,mBG11,LED,0.01,Chlorella sp
LL,photoautotrophic,stationary,0.25,25,130,110,24,7,1,yes,0.248045,0.005434,0.071481,0.003906,0,0.013703,0.009815,0.000642,0.00001,0.00002,0,0.001,0,8.1,batch,0,yes,photoautotrophic,"sodium bicarbonate, carbon dioxide",none,ammonium nitrate,initial,none,single-stage,,mBG11,LED,0.01,Chlorella sp
LL,photoautotrophic,stationary,0.25,25,130,110,24,7,1,yes,0.248064,0.005434,0.071481,0.003906,0,0.013703,0.009815,0.000642,0.00001,0.00002,0,0.001,0,8.1,batch,0,yes,photoautotrophic,"sodium bicarbonate, carbon dioxide",none,ammonium chloride,initial,none,single-stage,,mBG11,LED,0.01,Chlorella sp
LL,mixotrophic,stationary,0.25,25,130,110,24,7,1,yes,0.248045,0.005434,0.071481,0.427682,0,0.013703,0.009815,0.000642,0.00001,0.00002,0,0.001,0,8.1,batch,0,yes,photoautotrophic,"sodium bicarbonate, carbon dioxide",ammonium acetate,ammonium acetate,initial,none,single-stage,,mBG11,LED,0.01,Chlorella sp
LL,photoautotrophic,stationary,0.25,25,130,110,24,7,1,yes,0.248045,0.005434,0.071481,0.003906,0,0.013703,0.009815,0.000642,0.00001,0.00002,0,0.001,0,8.1,batch,0,yes,photoautotrophic,"sodium bicarbonate, carbon dioxide",none,ammonium sulfate,initial,none,single-stage,,mBG11,LED,0.01,Chlorella sp
LL,photoautotrophic,stationary,0.25,25,130,110,24,7,1,yes,0.248045,0.005434,0.282636,0.003906,0,0.013703,0.009815,0.000642,0.00001,0.00002,0,0.001,0,8.1,batch,0,yes,photoautotrophic,"sodium bicarbonate, carbon dioxide",none,ammonium bicarbonate,initial,none,single-stage,,mBG11,LED,0.01,Chlorella sp
HL,photoautotrophic,stationary,0.5,25,180,250,24,9,1,yes,0.248064,0.005434,0.071481,0.003906,0,0.013703,0.009815,0.000642,0.00001,0.00002,0,0.001,0,8.1,batch,0,yes,photoautotrophic,"sodium bicarbonate, carbon dioxide",none,urea,initial,none,single-stage,,mBG11,LED,0.01,Chlorella sp
HL,photoautotrophic,log,0.5,25,180,250,24,4,1,yes,0.248064,0.005434,0.071481,0.003906,0,0.013703,0.009815,0.000642,0.00001,0.00002,0,0.001,0,8.1,batch,0,yes,photoautotrophic,"sodium bicarbonate, carbon dioxide",none,urea,initial,none,dual-stage,,mBG11,LED,0.01,Chlorella sp
HL,photoautotrophic,stationary,0.5,25,180,250,24,7,1,yes,0.248064,0.005434,0.071481,0.003906,0,0.013703,0.009815,0.000642,0.00001,0.00002,0,0.001,0,8.1,batch,0,yes,photoautotrophic,"sodium bicarbonate, carbon dioxide",none,urea,initial,none,dual-stage,,mBG11,LED,0.01,Chlorella sp
LL,photoautotrophic,stationary,2,27,360,100,24,8,0.04,yes,0.057692,0.097916,1.921417,0,0,0.154432,0.009024,0.002341,0,0.00002,0,0,0,7.5,batch,0,no,photoautotrophic,"sodium bicarbonate, carbon dioxide",none,sodium nitrate,constant,carbon dioxide,single-stage,purple-pink,mBM,fluorescent,0.1,Chlorella vulgaris
LL,photoautotrophic,stationary,2,27,360,100,24,6,0.04,yes,0.057692,0.097916,1.921417,0,0,0.154432,0.009024,0.002341,0,0.00002,0,0,0,8.5,batch,0,no,photoautotrophic,"sodium bicarbonate, carbon dioxide",none,sodium nitrate,constant,carbon dioxide,single-stage,purple-pink,mBM,fluorescent,0.1,Chlorella vulgaris
HL,photoautotrophic,stationary,2,27,360,100,24,6,0.04,yes,0.057692,0.097916,1.921417,0,0,0.154432,0.009024,0.002341,0,0.00002,0,0,0,9.5,batch,0,no,photoautotrophic,"sodium bicarbonate, carbon dioxide",none,sodium nitrate,constant,carbon dioxide,single-stage,purple-pink,mBM,fluorescent,0.1,Chlorella vulgaris
LL,photoautotrophic,stationary,2,27,360,100,24,8,0.04,yes,0.057692,0.097916,0,0,9.47,0.154432,0.009024,0.002341,0,0.00002,0,0,0,7.5,batch,0,no,photoautotrophic,carbon dioxide,none,sodium nitrate,constant,carbon dioxide,single-stage,purple-pink,mBM,fluorescent,0.1,Chlorella vulgaris
LL,photoautotrophic,stationary,2,27,360,100,24,6,0.04,yes,0.057692,0.097916,0,0,9.47,0.154432,0.009024,0.002341,0,0.00002,0,0,0,8.5,batch,0,no,photoautotrophic,carbon dioxide,none,sodium nitrate,constant,carbon dioxide,single-stage,purple-pink,mBM,fluorescent,0.1,Chlorella vulgaris
HL,photoautotrophic,stationary,2,27,360,100,24,6,0.04,yes,0.057692,0.097916,0,0,9.47,0.154432,0.009024,0.002341,0,0.00002,0,0,0,9.5,batch,0,no,photoautotrophic,carbon dioxide,none,sodium nitrate,constant,carbon dioxide,single-stage,purple-pink,mBM,fluorescent,0.1,Chlorella vulgaris
HL,photoautotrophic,stationary,0.6,25,400,0,24,9,2,yes,0.248045,0.006948,0.002266,0.003906,0,0.008761,0.009815,0.000642,0.00001,0.00002,0,0,0,,batch,0,no,photoautotrophic,"sodium carbonate, carbon dioxide",none,sodium nitrate,initial,none,single-stage,white,BG11,fluorescent,0.01,Chlorella sorokiniana
HL,photoautotrophic,stationary,0.6,25,400,0,24,9,2,yes,0.248045,0.006948,0.002266,0.003906,60,0.008761,0.009815,0.000642,0.00001,0.00002,0,0,0,,batch,0,no,photoautotrophic,"sodium carbonate, carbon dioxide",none,sodium nitrate,initial,none,single-stage,white,mBG11,fluorescent,0.01,Chlorella sorokiniana
HL,photoautotrophic,stationary,0.6,25,400,0,24,9,2,yes,0.248045,0.006948,0.002266,0.003906,60,0.008761,0.009815,0.000642,0.00001,0.00002,0,0,0,,batch,0,no,photoautotrophic,"sodium carbonate, carbon dioxide",none,sodium nitrate,initial,none,dual-stage,white,mBG11,fluorescent,0.01,Chlorella sorokiniana
HL,photoautotrophic,stationary,1,25,100,300,12,30,0.04,yes,0.008241,0.037269,0,0,0.025,0.279854,0.006816,0.100036,0,0.000008,0,0,0,7,batch,0,yes,photoautotrophic,none,none,sodium nitrate,initial,none,single-stage,white,mBBM,fluorescent,0.01,Chlorella sorokiniana
LL,photoautotrophic,log,1,25,100,300,12,30,0.04,yes,0.205205,0.037269,0,0,0.025,0.279854,0.006816,0.100036,0,0.000008,0,0,0,7,batch,0,yes,photoautotrophic,none,none,sodium nitrate,initial,none,single-stage,white,mBBM,fluorescent,0.01,Chlorella sorokiniana
HLP,photoautotrophic,stationary,5,27,37,0,14,18,0,no,0.041253,0.053215,0,0,0.000983,0.105534,0.000682,0.001,0.000099,0.0004,0,0.05,0,,batch,0,yes,photoautotrophic,none,none,sodium nitrate,initial,none,single-stage,,BBM,,0.15,CHLPoreLLPa sp
LLP,photoautotrophic,stationary,1,27,37,0,14,18,0,no,0.041253,0.053215,0,0,0.000983,0.105534,0.000682,0.001,0.000099,0.0004,0,0.05,0,,batch,0,yes,photoautotrophic,none,none,sodium nitrate,initial,none,single-stage,,BBM,,0.15,CHLPoreLLPa sp
LLP,photoautotrophic,stationary,"0,4",30,120,0,24,28,0.04,yes,1.562682,0.532381,0.22731,0,0,0.55659,0.339425,0,0,0,0.225,0,0.225,7,batch,0,yes,photoautotrophic,"sodium bicarbonate, carbon dioxide",none,sodium nitrate,initial,none,single-stage,white,JM,,0.12,CHLPoreLLPa sp
LLP,photoautotrophic,stationary,"0,4",30,120,0,24,28,20,yes,1.562682,0.532381,0.22731,0,0,0.55659,0.339425,0,0,0,0.225,0,0.225,7,batch,0,yes,photoautotrophic,"sodium bicarbonate, carbon dioxide",none,sodium nitrate,initial,none,single-stage,white,JM,,0.12,CHLPoreLLPa sp
LLP,photoautotrophic,stationary,"0,4",30,120,0,24,28,40,yes,1.562682,0.532381,0.22731,0,0,0.55659,0.339425,0,0,0,0.225,0,0.225,7,batch,0,yes,photoautotrophic,"sodium bicarbonate, carbon dioxide",none,sodium nitrate,initial,none,single-stage,white,JM,,0.12,CHLPoreLLPa sp
LLP,photoautotrophic,stationary,,28,95,0,16,15,0,no,0.248045,0.00712,0.002266,0.003906,0,0.017955,0.009815,0.000642,0.00001,0.00002,0,0.001,0,,batch,0,yes,photoautotrophic,sodium carbonate,none,sodium nitrate,initial,none,single-stage,,BG11,,0.01,CHLPoreLLPa sp
LLP,photoautotrophic,stationary,,28,95,0,16,30,0,no,0.248045,0.00712,0.002266,0.003906,0,0.017955,0.009815,0.000642,0.00001,0.00002,0,0.001,0,,batch,0,yes,photoautotrophic,sodium carbonate,none,sodium nitrate,initial,none,single-stage,,BG11,,0.01,CHLPoreLLPa sp
LLP,photoautotrophic,stationary,,28,95,0,16,45,0,no,0.248045,0.00712,0.002266,0.003906,0,0.017955,0.009815,0.000642,0.00001,0.00002,0,0.001,0,,batch,0,yes,photoautotrophic,sodium carbonate,none,sodium nitrate,initial,none,single-stage,,BG11,,0.01,CHLPoreLLPa sp
LLP,photoautotrophic,stationary,,28,95,0,16,15,0,no,0.041253,0.053215,0,0,0.000983,0.105534,0.000682,0.001,0.000099,0.0004,0,0.05,0,,batch,0,yes,photoautotrophic,none,none,sodium nitrate,initial,none,single-stage,,BBM,,0.01,CHLPoreLLPa sp
LLP,photoautotrophic,stationary,,28,95,0,16,30,0,no,0.041253,0.053215,0,0,0.000983,0.105534,0.000682,0.001,0.000099,0.0004,0,0.05,0,,batch,0,yes,photoautotrophic,none,none,sodium nitrate,initial,none,single-stage,,BBM,,0.01,CHLPoreLLPa sp
LLP,photoautotrophic,stationary,,28,95,0,16,45,0,no,0.041253,0.053215,0,0,0.000983,0.105534,0.000682,0.001,0.000099,0.0004,0,0.05,0,,batch,0,yes,photoautotrophic,none,none,sodium nitrate,initial,none,single-stage,,BBM,,0.01,CHLPoreLLPa sp
LLP,photoautotrophic,stationary,,28,95,0,16,15,0,no,3.928633,0.008173,0,0,0,0.016589,0.545262,0.00002,0.000008,0.000008,0,0.0002,0,,batch,0,yes,photoautotrophic,none,none,ammonium cHLPoride,initial,none,single-stage,,TAP,,0.01,CHLPoreLLPa sp
LLP,photoautotrophic,stationary,,28,95,0,16,30,0,no,3.928633,0.008173,0,0,0,0.016589,0.545262,0.00002,0.000008,0.000008,0,0.0002,0,,batch,0,yes,photoautotrophic,none,none,ammonium cHLPoride,initial,none,single-stage,,TAP,,0.01,CHLPoreLLPa sp
LLP,photoautotrophic,stationary,,28,95,0,16,45,0,no,3.928633,0.008173,0,0,0,0.016589,0.545262,0.00002,0.000008,0.000008,0,0.0002,0,,batch,0,yes,photoautotrophic,none,none,ammonium cHLPoride,initial,none,single-stage,,TAP,,0.01,CHLPoreLLPa sp
HLP,photoautotrophic,stationary,"0,150",25,44.8,0,24,14,0.04,yes,0.041253,0.053215,0,0,0.000983,0.105534,0.000682,0.001,0.000099,0.0004,0,0.05,0,7,batch,0,yes,photoautotrophic,carbon dioxide,none,sodium nitrate,initial,none,single-stage,,BBM,,0.2,CHLPoreLLPa sp
LLP,photoautotrophic,log,"0,150",25,44.8,0,24,14,0.04,yes,0.248045,0.00712,0.002266,0.003906,0,0.017955,0.009815,0.000642,0.00001,0.00002,0,0.001,0,7.5,batch,0,yes,photoautotrophic,"sodium carbonate, carbon dioxide",none,sodium nitrate,initial,none,single-stage,,BG11,,0.2,CHLPoreLLPa sp
LLP,mixotrophic,stationary,1,28,100,0,16,15,0.04,yes,0.062618,0.00712,0.002266,0.003906,0,0.017955,0.009815,0.000642,0.00001,0.00002,0,0.001,0,,batch,0,yes,photoautotrophic,"sodium carbonate, carbon dioxide",none,sodium nitrate,initial,none,single-stage,white,BG11,LED,1.825,CHLPoreLLPa sp
LLP,mixotrophic,stationary,1,28,100,0,16,15,0.04,yes,0.989751,0.00712,0.002266,0.003906,0,0.017955,0.009815,0.000642,0.00001,0.00002,0,0.001,0,,batch,0,yes,photoautotrophic,"sodium carbonate, carbon dioxide",none,sodium nitrate,initial,none,single-stage,white,BG11,LED,1.835,CHLPoreLLPa sp
LLP,mixotrophic,stationary,1,28,100,0,16,15,0.04,yes,0.248045,0.00178,0.002266,0.003906,0,0.004489,0.009815,0.000642,0.00001,0.00002,0,0.001,0,,batch,0,yes,photoautotrophic,"sodium carbonate, carbon dioxide",none,sodium nitrate,initial,none,single-stage,white,BG11,LED,1.825,CHLPoreLLPa sp
LLP,mixotrophic,stationary,1,28,100,0,16,15,0.04,yes,0.248045,0.028479,0.002266,0.003906,0,0.071818,0.009815,0.000642,0.00001,0.00002,0,0.001,0,,batch,0,yes,photoautotrophic,"sodium carbonate, carbon dioxide",none,sodium nitrate,initial,none,single-stage,white,BG11,LED,1.825,CHLPoreLLPa sp
LLP,mixotrophic,stationary,1,28,100,0,16,15,0.04,yes,0.248045,0.00712,0.000567,0.003906,0,0.017955,0.009815,0.000642,0.00001,0.00002,0,0.001,0,,batch,0,yes,photoautotrophic,"sodium carbonate, carbon dioxide",none,sodium nitrate,initial,none,single-stage,white,BG11,LED,1.83,CHLPoreLLPa sp
LLP,mixotrophic,stationary,1,28,100,0,16,15,0.04,yes,0.248045,0.00712,0.002266,0.003906,0,0.017955,0.009815,0.000642,0.00001,0.00002,0,0.001,0,,batch,0,yes,photoautotrophic,"sodium carbonate, carbon dioxide",none,sodium nitrate,initial,none,single-stage,white,BG11,LED,1.83,CHLPoreLLPa sp
LLP,mixotrophic,stationary,1,28,100,0,16,15,0.04,yes,0.248045,0.00712,0.009065,0.003906,0,0.017955,0.009815,0.000642,0.00001,0.00002,0,0.001,0,,batch,0,yes,photoautotrophic,"sodium carbonate, carbon dioxide",none,sodium nitrate,initial,none,single-stage,white,BG11,LED,1.83,CHLPoreLLPa sp
HLP,heterotrophic,log,"0,3",30,0,150,0,4,0,no,0.069281,0.227804,0,1.999933,0,0.480588,0,0.000402,0,0.00002,0,0.0002,0,5.8,batch,0,yes,photoheterotrophic,none,glucose,potassium nitrate,initial,"potassium hydroxide, phosphoric acid",single-stage,,mBM,,0.01,CHLPoreLLPa sp
HLP,heterotrophic,log,"0,3",30,0,150,0,10,0,no,0.346405,1.139018,0,9.999667,0,2.402938,0,0.002009,0,0.000102,0,0.001,0,6.5,batch,0,yes,photoheterotrophic,none,glucose,potassium nitrate,initial,"potassium hydroxide, phosphoric acid",single-stage,,mBM,,0.01,CHLPoreLLPa sp
HLP,heterotrophic,log,"0,1",30,0,300,0,4,0,no,0.346405,1.139018,0,9.999667,0,2.402938,0,0.002009,0,0.000102,0,0.001,0,6.5,batch,0,yes,photoheterotrophic,none,glucose,potassium nitrate,initial,"potassium hydroxide, phosphoric acid",single-stage,,mBM,,0.01,CHLPoreLLPa sp
HLP,heterotrophic,log,2,30,0,100,0,11,0.04,yes,0.346405,1.139018,0,9.999667,0,2.402938,0,0.002009,0,0.000102,0,0.001,0,6,repeated fed-batch,0,yes,photoheterotrophic,none,glucose,potassium nitrate,constant,"potassium hydroxide, phosphoric acid",single-stage,,mBM,,0.01,CHLPoreLLPa sp
HLP,photoautotrophic,log,"0,4",25,40,0,24,12,0.04,yes,0.124427,0.00712,0.002266,0.003906,0,0.017955,0.009815,0.000642,0.00001,0.00002,0,0.001,0,,batch,0,yes,photoautotrophic,"sodium carbonate, carbon dioxide",none,sodium nitrate,initial,none,single-stage,white,mBG11,fluorescent,0.1,CHLPoreLLPa sp
HLP,photoautotrophic,log,"0,4",25,200,0,24,12,0.04,yes,0.124427,0.00712,0.002266,0.003906,0,0.017955,0.009815,0.000642,0.00001,0.00002,0,0.001,0,,batch,0,yes,photoautotrophic,"sodium carbonate, carbon dioxide",none,sodium nitrate,initial,none,single-stage,white,mBG11,fluorescent,0.1,CHLPoreLLPa sp
HLP,photoautotrophic,log,"0,4",25,400,0,24,12,0.04,yes,0.124427,0.00712,0.002266,0.003906,0,0.017955,0.009815,0.000642,0.00001,0.00002,0,0.001,0,,batch,0,yes,photoautotrophic,"sodium carbonate, carbon dioxide",none,sodium nitrate,initial,none,single-stage,white,mBG11,fluorescent,0.1,CHLPoreLLPa sp
HLP,photoautotrophic,log,,28,50,0,24,16,0,no,0.041253,0.053215,0.643332,0,0.000983,0.105534,0.000682,0.001,0.000099,0.0004,0,0.05,0,,batch,0,yes,photoautotrophic,"sodium carbonate, carbon dioxide",none,sodium nitrate,initial,none,single-stage,,BBM,,0.01,CHLPoreLLPa sp
HLP,photoautotrophic,log,,28,50,0,24,16,0,no,0.02065,0.053215,0.643332,0,0.000983,0.105534,0.000682,0.001,0.000099,0.0004,0,0.05,0,,batch,0,yes,photoautotrophic,"sodium carbonate, carbon dioxide",none,sodium nitrate,initial,none,single-stage,,mBBM,,0.01,CHLPoreLLPa sp
HLP,photoautotrophic,log,,38,250,0,24,6,0,no,0.041253,0.053215,0.643332,0,0.000983,0.105534,0.000682,0.001,0.000099,0.0004,0,0.05,0,,batch,0,yes,photoautotrophic,"sodium carbonate, carbon dioxide",none,sodium nitrate,initial,none,single-stage,,BBM,,0.01,CHLPoreLLPa sp
HLP,photoautotrophic,log,,38,250,0,24,6,0,no,0.02065,0.053215,0.643332,0,0.000983,0.105534,0.000682,0.001,0.000099,0.0004,0,0.05,0,,batch,0,yes,photoautotrophic,"sodium carbonate, carbon dioxide",none,sodium nitrate,initial,none,single-stage,,mBBM,,0.01,CHLPoreLLPa sp
HLP,photoautotrophic,log,,28,50,0,24,16,0,no,0.041253,0.053215,0.643332,0,0.000983,0.105534,0.000682,0.001,0.000099,0.0004,0,0.05,0,9,batch,0,yes,photoautotrophic,"sodium carbonate, carbon dioxide",none,sodium nitrate,constant,"hydrogen cHLPoride, sodium hydroxide",single-stage,daylight,BBM,sun,0.01,CHLPoreLLPa sp
HLP,photoautotrophic,log,,28,50,0,24,16,0,no,0.041253,0.053215,0.643332,0,0.000983,0.105534,0.000682,0.001,0.000099,0.0004,0,0.05,0,11,batch,0,yes,photoautotrophic,"sodium carbonate, carbon dioxide",none,sodium nitrate,constant,"hydrogen cHLPoride, sodium hydroxide",single-stage,daylight,BBM,sun,0.01,CHLPoreLLPa sp
LLP,photoautotrophic,stationary,0.9,21.5,,0,16,19,0.04,yes,0.24804,0.00712,0.002266,0.001656,0,0.017955,0.007361,0.000642,0,0.00002,0,0,0,7.5,batch,1,yes,photoautotrophic,"sodium carbonate, carbon dioxide",none,sodium nitrate,initial,none,single-stage,,BG11,,0.01,CHLPoreLLPa sp
LLP,photoautotrophic,stationary,0.9,21.5,,0,16,19,0.04,yes,0.035861,0.00712,0.002266,0.001656,0,0.115792,0.007361,0.000642,0,0.00002,0,0,0,7.5,batch,1,yes,photoautotrophic,"sodium carbonate, carbon dioxide",none,potassium nitrate,initial,none,single-stage,,mBG11,,0.01,CHLPoreLLPa sp
LLP,photoautotrophic,stationary,0.9,21.5,,0,16,19,0.04,yes,0.071471,0.00712,0.002266,0.001656,0,0.215175,0.007361,0.000642,0,0.00002,0,0,0,7.5,batch,1,yes,photoautotrophic,"sodium carbonate, carbon dioxide",none,potassium nitrate,initial,none,single-stage,,mBG11,,0.01,CHLPoreLLPa sp
LLP,photoautotrophic,stationary,0.9,21.5,,0,16,19,0.04,yes,0.105835,0.00712,0.002266,0.001656,0,0.311079,0.007361,0.000642,0,0.00002,0,0,0,7.5,batch,1,yes,photoautotrophic,"sodium carbonate, carbon dioxide",none,potassium nitrate,initial,none,single-stage,,mBG11,,0.01,CHLPoreLLPa sp
LLP,photoautotrophic,stationary,0.9,21.5,,0,16,19,0.04,yes,0.140891,0.00712,0.002266,0.001656,0,0.408916,0.007361,0.000642,0,0.00002,0,0,0,7.5,batch,1,yes,photoautotrophic,"sodium carbonate, carbon dioxide",none,potassium nitrate,initial,none,single-stage,,mBG11,,0.01,CHLPoreLLPa sp
LLP,photoautotrophic,stationary,0.9,21.5,,0,16,19,0.04,yes,0.175947,0.00712,0.002266,0.001656,0,0.506753,0.007361,0.000642,0,0.00002,0,0,0,7.5,batch,1,yes,photoautotrophic,"sodium carbonate, carbon dioxide",none,potassium nitrate,initial,none,single-stage,,mBG11,,0.01,CHLPoreLLPa sp
LLP,photoautotrophic,stationary,0.9,21.5,,0,16,19,0.04,yes,0.070782,0.00712,0.002266,0.03165,0,0.017955,0.007361,0.000642,0,0.00002,0,0,0,7.5,batch,1,yes,photoautotrophic,"sodium carbonate, carbon dioxide",none,urea,initial,none,single-stage,,mBG11,,0.01,CHLPoreLLPa sp
LLP,photoautotrophic,stationary,0.9,21.5,,0,16,19,0.04,yes,0.14076,0.00712,0.002266,0.061644,0,0.017955,0.007361,0.000642,0,0.00002,0,0,0,7.5,batch,1,yes,photoautotrophic,"sodium carbonate, carbon dioxide",none,urea,initial,none,single-stage,,mBG11,,0.01,CHLPoreLLPa sp
LLP,photoautotrophic,stationary,0.9,21.5,,0,16,19,0.04,yes,0.210738,0.00712,0.002266,0.091638,0,0.017955,0.007361,0.000642,0,0.00002,0,0,0,7.5,batch,1,yes,photoautotrophic,"sodium carbonate, carbon dioxide",none,urea,initial,none,single-stage,,mBG11,,0.01,CHLPoreLLPa sp
LLP,photoautotrophic,stationary,0.9,21.5,,0,16,19,0.04,yes,0.281182,0.00712,0.002266,0.121832,0,0.017955,0.007361,0.000642,0,0.00002,0,0,0,7.5,batch,1,yes,photoautotrophic,"sodium carbonate, carbon dioxide",none,urea,initial,none,single-stage,,mBG11,,0.01,CHLPoreLLPa sp
LLP,photoautotrophic,stationary,0.9,21.5,,0,16,19,0.04,yes,0.350693,0.00712,0.002266,0.151626,0,0.017955,0.007361,0.000642,0,0.00002,0,0,0,7.5,batch,1,yes,photoautotrophic,"sodium carbonate, carbon dioxide",none,urea,initial,none,single-stage,,mBG11,,0.01,CHLPoreLLPa sp
LLP,photoautotrophic,stationary,0.9,21.5,,0,16,19,0.04,yes,0.070812,0.00712,0.002266,0.001656,0,0.017955,0.007361,0.000642,0,0.00002,0,0,0,7.5,batch,1,yes,photoautotrophic,"sodium carbonate, carbon dioxide",none,calcium nitrate,initial,none,single-stage,,mBG11,,0.01,CHLPoreLLPa sp
LLP,photoautotrophic,stationary,0.9,21.5,,0,16,19,0.04,yes,0.14099,0.00712,0.002266,0.001656,0,0.017955,0.007361,0.000642,0,0.00002,0,0,0,7.5,batch,1,yes,photoautotrophic,"sodium carbonate, carbon dioxide",none,calcium nitrate,initial,none,single-stage,,mBG11,,0.01,CHLPoreLLPa sp
LLP,photoautotrophic,stationary,0.9,21.5,,0,16,19,0.04,yes,0.210827,0.00712,0.002266,0.001656,0,0.017955,0.007361,0.000642,0,0.00002,0,0,0,7.5,batch,1,yes,photoautotrophic,"sodium carbonate, carbon dioxide",none,calcium nitrate,initial,none,single-stage,,mBG11,,0.01,CHLPoreLLPa sp
LLP,photoautotrophic,stationary,0.9,21.5,,0,16,19,0.04,yes,0.281005,0.00712,0.002266,0.001656,0,0.017955,0.007361,0.000642,0,0.00002,0,0,0,7.5,batch,1,yes,photoautotrophic,"sodium carbonate, carbon dioxide",none,calcium nitrate,initial,none,single-stage,,mBG11,,0.01,CHLPoreLLPa sp
LLP,photoautotrophic,stationary,0.9,21.5,,0,16,19,0.04,yes,0.350841,0.00712,0.002266,0.001656,0,0.017955,0.007361,0.000642,0,0.00002,0,0,0,7.5,batch,1,yes,photoautotrophic,"sodium carbonate, carbon dioxide",none,calcium nitrate,initial,none,single-stage,,mBG11,,0.01,CHLPoreLLPa sp
LLP,photoautotrophic,stationary,0.9,21.5,,0,16,19,0.04,yes,0.035901,0.00712,0.002266,0.001656,0,0.017955,0.007361,0.000642,0,0.00002,0,0,0,7.5,batch,1,yes,photoautotrophic,"sodium carbonate, carbon dioxide",none,ammonium cHLPoride,initial,none,single-stage,,mBG11,,0.01,CHLPoreLLPa sp
LLP,photoautotrophic,stationary,0.9,21.5,,0,16,19,0.04,yes,0.070996,0.00712,0.002266,0.001656,0,0.017955,0.007361,0.000642,0,0.00002,0,0,0,7.5,batch,1,yes,photoautotrophic,"sodium carbonate, carbon dioxide",none,ammonium cHLPoride,initial,none,single-stage,,mBG11,,0.01,CHLPoreLLPa sp
LLP,photoautotrophic,stationary,0.9,21.5,,0,16,19,0.04,yes,0.10583,0.00712,0.002266,0.001656,0,0.017955,0.007361,0.000642,0,0.00002,0,0,0,7.5,batch,1,yes,photoautotrophic,"sodium carbonate, carbon dioxide",none,ammonium cHLPoride,initial,none,single-stage,,mBG11,,0.01,CHLPoreLLPa sp
LLP,photoautotrophic,stationary,0.9,21.5,,0,16,19,0.04,yes,0.140926,0.00712,0.002266,0.001656,0,0.017955,0.007361,0.000642,0,0.00002,0,0,0,7.5,batch,1,yes,photoautotrophic,"sodium carbonate, carbon dioxide",none,ammonium cHLPoride,initial,none,single-stage,,mBG11,,0.01,CHLPoreLLPa sp
LLP,photoautotrophic,stationary,0.9,21.5,,0,16,19,0.04,yes,0.176021,0.00712,0.002266,0.001656,0,0.017955,0.007361,0.000642,0,0.00002,0,0,0,7.5,batch,1,yes,photoautotrophic,"sodium carbonate, carbon dioxide",none,ammonium cHLPoride,initial,none,single-stage,,mBG11,,0.01,CHLPoreLLPa sp
LLP,photoautotrophic,stationary,0.9,21.5,,0,16,19,0.04,yes,0.03583,0.00712,0.002266,0.001656,0,0.017955,0.007361,0.000642,0,0.00002,0,0,0,7.5,batch,1,yes,photoautotrophic,"sodium carbonate, carbon dioxide",none,sodium nitrate,initial,none,single-stage,,mBG11,,0.01,CHLPoreLLPa sp
LLP,photoautotrophic,stationary,0.9,21.5,,0,16,19,0.04,yes,0.070855,0.00712,0.002266,0.001656,0,0.017955,0.007361,0.000642,0,0.00002,0,0,0,7.5,batch,1,yes,photoautotrophic,"sodium carbonate, carbon dioxide",none,sodium nitrate,initial,none,single-stage,,mBG11,,0.01,CHLPoreLLPa sp
LLP,photoautotrophic,stationary,0.9,21.5,,0,16,19,0.04,yes,0.105797,0.00712,0.002266,0.001656,0,0.017955,0.007361,0.000642,0,0.00002,0,0,0,7.5,batch,1,yes,photoautotrophic,"sodium carbonate, carbon dioxide",none,sodium nitrate,initial,none,single-stage,,mBG11,,0.01,CHLPoreLLPa sp
LLP,photoautotrophic,stationary,0.9,21.5,,0,16,19,0.04,yes,0.140905,0.00712,0.002266,0.001656,0,0.017955,0.007361,0.000642,0,0.00002,0,0,0,7.5,batch,1,yes,photoautotrophic,"sodium carbonate, carbon dioxide",none,sodium nitrate,initial,none,single-stage,,mBG11,,0.01,CHLPoreLLPa sp
LLP,photoautotrophic,stationary,0.9,21.5,,0,16,19,0.04,yes,0.175518,0.00712,0.002266,0.001656,0,0.017955,0.007361,0.000642,0,0.00002,0,0,0,7.5,batch,1,yes,photoautotrophic,"sodium carbonate, carbon dioxide",none,sodium nitrate,initial,none,single-stage,,mBG11,,0.01,CHLPoreLLPa sp
HLP,photoautotrophic,stationary,0.9,21.5,,0,16,19,0.04,yes,0.000013,0.003652,0.001133,0,0,0.003652,0,0,0.000028,0.000025,0,0,0,7.5,batch,0,no,photoautotrophic,"sodium carbonate, carbon dioxide",none,none,initial,none,single-stage,,CHU-10,,0.01,CHLPoreLLPa sp
HLP,photoautotrophic,stationary,0.9,21.5,,0,16,19,0.04,yes,0.041253,0.053215,0,0,0.000983,0.105534,0.000682,0.001,0.000099,0.0004,0,0.05,0,7.5,batch,50,yes,photoautotrophic,carbon dioxide,none,sodium nitrate,initial,none,single-stage,,BBM,,0.01,CHLPoreLLPa sp
HLP,photoautotrophic,stationary,0.9,21.5,,0,16,19,0.04,yes,0.123618,0,0,0,0,0.003038,0,0,0.000002,0.001975,0,0,0,7.5,batch,0,no,photoautotrophic,carbon dioxide,none,sodium nitrate,initial,none,single-stage,,F/2,,0.01,CHLPoreLLPa sp
LLP,photoautotrophic,log,1.5,25,60,0,24,7,0.04,yes,0.015047,0.001958,0.001133,0,0,0.004937,0.004907,0,0.00001,0.00002,0,0.0005,0,,batch,0,yes,photoautotrophic,"sodium carbonate, carbon dioxide",none,sodium nitrate,initial,none,single-stage,,mBG11,,0.01,CHLPoreLLPa sp
LLP,heterotrophic,log,1.5,25,0,0,0,7,0.04,yes,0.015047,0.001958,0.001133,4.0011,0,0.004937,0.004907,0,0.00001,0.00002,0,0.0005,0,,batch,0,yes,photoautotrophic,"sodium carbonate, carbon dioxide",glucose,sodium nitrate,initial,none,single-stage,no-color,mBG11,no-lamp,0.01,CHLPoreLLPa sp
LLP,photoautotrophic,log,1.5,25,60,0,24,7,0.04,yes,0.015047,0.001958,0.001133,0,0,0.004937,0.004907,0,0.00001,0.00002,0,0.0005,0,,repeated fed-batch,0,yes,photoautotrophic,"sodium carbonate, carbon dioxide",none,sodium nitrate,initial,none,single-stage,,mBG11,,0.01,CHLPoreLLPa sp
LLP,photoautotrophic,stationary,1.5,25,60,0,24,12,0.04,yes,0.015047,0.001958,0.001133,0,0,0.004937,0.004907,0,0.00001,0.00002,0,0.0005,0,,batch,0,yes,photoautotrophic,"sodium carbonate, carbon dioxide",none,sodium nitrate,initial,none,single-stage,,mBG11,,0.01,CHLPoreLLPa sp
LLP,heterotrophic,stationary,1.5,25,0,0,0,12,0.04,yes,0.015047,0.001958,0.001133,4.0011,0,0.004937,0.004907,0,0.00001,0.00002,0,0.0005,0,,batch,0,yes,photoautotrophic,"sodium carbonate, carbon dioxide",glucose,sodium nitrate,initial,none,single-stage,no-color,mBG11,no-lamp,0.01,CHLPoreLLPa sp
LLP,photoautotrophic,stationary,1.5,25,60,0,24,12,0.04,yes,0.015047,0.001958,0.001133,0,0,0.004937,0.004907,0,0.00001,0.00002,0,0.0005,0,,repeated fed-batch,0,yes,photoautotrophic,"sodium carbonate, carbon dioxide",none,sodium nitrate,initial,none,single-stage,,mBG11,,0.01,CHLPoreLLPa sp
LLP,photoautotrophic,stationary,0.8,21.5,40,0,16,18,0,no,0.24724,0.00712,0,0,0,0.017955,0.009815,0,0.00001,0.00002,0,0,0,8.7,batch,0,yes,photoautotrophic,none,none,sodium nitrate,initial,none,single-stage,white,BG11,fluorescent,0.01,CHLPoreLLPa sp
LLP,photoautotrophic,stationary,0.8,21.5,40,0,16,18,0,no,0.24724,0.00712,0,0,2.337,0.017955,0.009815,0,0.00001,0.00002,0.01,0,0,8.7,batch,0,yes,photoautotrophic,none,none,sodium nitrate,initial,none,single-stage,white,mBG11,fluorescent,0.01,CHLPoreLLPa sp
LLP,photoautotrophic,stationary,0.8,21.5,40,0,16,18,0,no,0.24724,0.00712,0,0,4.675,0.017955,0.009815,0,0.00001,0.00002,0.01,0,0,8.7,batch,0,yes,photoautotrophic,none,none,sodium nitrate,initial,none,single-stage,white,mBG11,fluorescent,0.01,CHLPoreLLPa sp
LLP,photoautotrophic,stationary,0.8,21.5,40,0,16,18,0,no,0.24724,0.00712,0,0,9.3504,0.017955,0.009815,0,0.00001,0.00002,0.01,0,0,8.7,batch,0,yes,photoautotrophic,none,none,sodium nitrate,initial,none,single-stage,white,mBG11,fluorescent,0.01,CHLPoreLLPa sp
LLP,photoautotrophic,stationary,0.8,21.5,40,0,16,18,0,no,0.24724,0.00712,0,0,18.701,0.017955,0.009815,0,0.00001,0.00002,0.01,0,0,8.7,batch,0,yes,photoautotrophic,none,none,sodium nitrate,initial,none,single-stage,white,mBG11,fluorescent,0.01,CHLPoreLLPa sp
LLP,photoautotrophic,stationary,0.8,21.5,40,0,16,18,0,no,0.003301,0.00178,0.002266,0,0,0.004489,0.017148,0.000275,0.000002,0.000051,0.01,0,0,8.7,batch,0,yes,photoautotrophic,sodium carbonate,none,sodium nitrate,initial,none,single-stage,white,CHU-10,fluorescent,0.01,CHLPoreLLPa sp
LLP,photoautotrophic,stationary,0.8,21.5,40,0,16,18,0,no,0.003301,0.00178,0.002266,0,2.337,0.004489,0.017148,0.000275,0.000002,0.000051,0.01,0,0,8.7,batch,0,yes,photoautotrophic,sodium carbonate,none,sodium nitrate,initial,none,single-stage,white,mCHU-10,fluorescent,0.01,CHLPoreLLPa sp
LLP,photoautotrophic,stationary,0.8,21.5,40,0,16,18,0,no,0.003301,0.00178,0.002266,0,4.675,0.004489,0.017148,0.000275,0.000002,0.000051,0.01,0,0,8.7,batch,0,yes,photoautotrophic,sodium carbonate,none,sodium nitrate,initial,none,single-stage,white,mCHU-10,fluorescent,0.01,CHLPoreLLPa sp
LLP,photoautotrophic,stationary,0.8,21.5,40,0,16,18,0,no,0.003301,0.00178,0.002266,0,9.3504,0.004489,0.017148,0.000275,0.000002,0.000051,0.01,0,0,8.7,batch,0,yes,photoautotrophic,sodium carbonate,none,sodium nitrate,initial,none,single-stage,white,mCHU-10,fluorescent,0.01,CHLPoreLLPa sp
LLP,photoautotrophic,stationary,0.8,21.5,40,0,16,18,0,no,0.003301,0.00178,0.002266,0,18.701,0.004489,0.017148,0.000275,0.000002,0.000051,0.01,0,0,8.7,batch,0,yes,photoautotrophic,sodium carbonate,none,sodium nitrate,initial,none,single-stage,white,mCHU-10,fluorescent,0.01,CHLPoreLLPa sp
HLP,photoautotrophic,stationary,4,23,82.62,0,24,7,0.04,yes,0.062618,0.00712,0.002266,0.003906,0,0.017955,0.009815,0.000642,0.00001,0.00002,0,0.001,0,,batch,0,yes,photoautotrophic,"sodium carbonate, carbon dioxide",none,sodium nitrate,initial,none,single-stage,,mBG11,,1.4,CHLPoreLLPa sp
HLP,photoautotrophic,stationary,4,23,82.62,0,24,7,0.04,yes,0.031467,0.00712,0.002266,0.003906,0,0.017955,0.009815,0.000642,0.00001,0.00002,0,0.001,0,,batch,0,yes,photoautotrophic,"sodium carbonate, carbon dioxide",none,sodium nitrate,initial,none,single-stage,,mBG11,,0.5,CHLPoreLLPa sp
LLP,photoautotrophic,stationary,4,23,82.62,0,24,7,0.04,yes,0.016303,0.00712,0.002266,0.003906,0,0.017955,0.009815,0.000642,0.00001,0.00002,0,0.001,0,,batch,0,yes,photoautotrophic,"sodium carbonate, carbon dioxide",none,sodium nitrate,initial,none,single-stage,,mBG11,,0.08,CHLPoreLLPa sp
HLP,photoautotrophic,stationary,4,23,82.62,0,24,7,0.04,yes,0.008556,0.00712,0.002266,0.003906,0,0.017955,0.009815,0.000642,0.00001,0.00002,0,0.001,0,,batch,0,yes,photoautotrophic,"sodium carbonate, carbon dioxide",none,sodium nitrate,initial,none,single-stage,,mBG11,,0.2,CHLPoreLLPa sp
HLP,photoautotrophic,stationary,4,23,82.62,0,24,7,0.04,yes,0.0046,0.00712,0.002266,0.003906,0,0.017955,0.009815,0.000642,0.00001,0.00002,0,0.001,0,,batch,0,yes,photoautotrophic,"sodium carbonate, carbon dioxide",none,sodium nitrate,initial,none,single-stage,,mBG11,,0.18,CHLPoreLLPa sp
LLP,photoautotrophic,stationary,4,23,82.62,0,24,7,0.04,yes,0.00081,0.00712,0.002266,0.003906,0,0.017955,0.009815,0.000642,0.00001,0.00002,0,0.001,0,,batch,0,yes,photoautotrophic,"sodium carbonate, carbon dioxide",none,none,initial,none,single-stage,,mBG11,,0.01,CHLPoreLLPa sp
HLP,photoautotrophic,stationary,1,27,60,300,12,7,3,yes,0.116186,0.00712,0.002266,0.003906,0,0.017955,0.008179,0.000642,0.00001,0.000025,0,0.0006,0,7.5,batch,0,yes,photoautotrophic,"sodium carbonate, carbon dioxide",none,sodium nitrate,initial,none,single-stage,,mBG11,,0.3,CHLPoreLLPa vulgaris
HLP,photoautotrophic,stationary,1,27,60,300,12,7,3,yes,0.379904,0.00712,0.002266,0.003906,0,0.017955,0.008179,0.000642,0.00001,0.000025,0,0.0006,0,7.5,batch,0,yes,photoautotrophic,"sodium carbonate, carbon dioxide",none,sodium nitrate,initial,none,single-stage,,mBG11,,0.3,CHLPoreLLPa vulgaris
HLP,photoautotrophic,stationary,1,27,60,300,12,7,12,yes,0.116186,0.00712,0.002266,0.003906,0,0.017955,0.008179,0.000642,0.00001,0.000025,0,0.0006,0,7.5,batch,0,yes,photoautotrophic,"sodium carbonate, carbon dioxide",none,sodium nitrate,initial,none,single-stage,,mBG11,,0.3,CHLPoreLLPa vulgaris
HLP,photoautotrophic,stationary,1,27,60,300,12,7,12,yes,0.379904,0.00712,0.002266,0.003906,0,0.017955,0.008179,0.000642,0.00001,0.000025,0,0.0006,0,7.5,batch,0,yes,photoautotrophic,"sodium carbonate, carbon dioxide",none,sodium nitrate,initial,none,single-stage,,mBG11,,0.3,CHLPoreLLPa vulgaris
HLP,photoautotrophic,stationary,1,27,120,300,12,7,3,yes,0.116186,0.00712,0.002266,0.003906,0,0.017955,0.008179,0.000642,0.00001,0.000025,0,0.0006,0,7.5,batch,0,yes,photoautotrophic,"sodium carbonate, carbon dioxide",none,sodium nitrate,initial,none,single-stage,,mBG11,,0.3,CHLPoreLLPa vulgaris
HLP,photoautotrophic,stationary,1,27,120,300,12,7,3,yes,0.379904,0.00712,0.002266,0.003906,0,0.017955,0.008179,0.000642,0.00001,0.000025,0,0.0006,0,7.5,batch,0,yes,photoautotrophic,"sodium carbonate, carbon dioxide",none,sodium nitrate,initial,none,single-stage,,mBG11,,0.3,CHLPoreLLPa vulgaris
HLP,photoautotrophic,stationary,1,27,120,300,12,7,12,yes,0.116186,0.00712,0.002266,0.003906,0,0.017955,0.008179,0.000642,0.00001,0.000025,0,0.0006,0,7.5,batch,0,yes,photoautotrophic,"sodium carbonate, carbon dioxide",none,sodium nitrate,initial,none,single-stage,,mBG11,,0.3,CHLPoreLLPa vulgaris
HLP,photoautotrophic,stationary,1,27,120,300,12,7,12,yes,0.379904,0.00712,0.002266,0.003906,0,0.017955,0.008179,0.000642,0.00001,0.000025,0,0.0006,0,7.5,batch,0,yes,photoautotrophic,"sodium carbonate, carbon dioxide",none,sodium nitrate,initial,none,single-stage,,mBG11,,0.3,CHLPoreLLPa vulgaris
HLP,photoautotrophic,stationary,1,27,90,300,12,7,7.5,yes,0.248045,0.00712,0.002266,0.003906,0,0.017955,0.008179,0.000642,0.00001,0.000025,0,0.0006,0,7.5,batch,0,yes,photoautotrophic,"sodium carbonate, carbon dioxide",none,sodium nitrate,initial,none,single-stage,,BG11,,0.3,CHLPoreLLPa vulgaris
HLP,photoautotrophic,stationary,1,27,90,300,12,7,7.5,yes,0.248045,0.00712,0.002266,0.003906,0,0.017955,0.008179,0.000642,0.00001,0.000025,0,0.0006,0,7.5,batch,0,yes,photoautotrophic,"sodium carbonate, carbon dioxide",none,sodium nitrate,initial,none,single-stage,,BG11,,0.3,CHLPoreLLPa vulgaris
HLP,photoautotrophic,stationary,1,27,90,300,12,7,7.5,yes,0.248045,0.00712,0.002266,0.003906,0,0.017955,0.008179,0.000642,0.00001,0.000025,0,0.0006,0,7.5,batch,0,yes,photoautotrophic,"sodium carbonate, carbon dioxide",none,sodium nitrate,initial,none,single-stage,,BG11,,0.3,CHLPoreLLPa vulgaris
HLP,photoautotrophic,stationary,1,27,90,300,12,7,0,no,0.248045,0.00712,0.002266,0.003906,0,0.017955,0.008179,0.000642,0.00001,0.000025,0,0.0006,0,7.5,batch,0,yes,photoautotrophic,sodium carbonate,none,sodium nitrate,initial,none,single-stage,,BG11,,0.3,CHLPoreLLPa vulgaris
HLP,photoautotrophic,stationary,1,27,90,300,12,7,7.5,yes,0.026522,0.00712,0.002266,0.003906,0,0.017955,0.008179,0.000642,0.00001,0.000025,0,0.0006,0,7.5,batch,0,yes,photoautotrophic,"sodium carbonate, carbon dioxide",none,sodium nitrate,initial,none,single-stage,,mBG11,,0.3,CHLPoreLLPa vulgaris
LLP,photoautotrophic,stationary,1,27,51.88,0,12,14,0.03,yes,0.24724,0.00712,0.002266,0,0,0.017955,0.009815,0,0.00001,0.00002,0,0.001,0,,batch,0,yes,photoautotrophic,"sodium carbonate, carbon dioxide",none,sodium nitrate,initial,none,single-stage,,BG11,,0.1,CHLPoreLLPa vulgaris
HLP,photoautotrophic,stationary,1,27,51.88,0,12,14,5,yes,0.24724,0.00712,0.002266,0,0,0.017955,0.009815,0,0.00001,0.00002,0,0.001,0,,batch,0,yes,photoautotrophic,"sodium carbonate, carbon dioxide",none,sodium nitrate,initial,none,single-stage,,BG11,,0.1,CHLPoreLLPa vulgaris
HLP,photoautotrophic,stationary,1,27,51.88,0,12,14,10,yes,0.24724,0.00712,0.002266,0,0,0.017955,0.009815,0,0.00001,0.00002,0,0.001,0,,batch,0,yes,photoautotrophic,"sodium carbonate, carbon dioxide",none,sodium nitrate,initial,none,single-stage,,BG11,,0.1,CHLPoreLLPa vulgaris
HLP,photoautotrophic,stationary,1,27,51.88,0,12,14,15,yes,0.24724,0.00712,0.002266,0,0,0.017955,0.009815,0,0.00001,0.00002,0,0.001,0,,batch,0,yes,photoautotrophic,"sodium carbonate, carbon dioxide",none,sodium nitrate,initial,none,single-stage,,BG11,,0.1,CHLPoreLLPa vulgaris
LLP,photoautotrophic,log,1,28,96,0,12,12,0.04,yes,0.041253,0.053215,0,0,0.025,0.105534,0.006816,0.001,0.000099,0.0004,0,0.05,0,8,batch,0,yes,photoautotrophic,carbon dioxide,none,sodium nitrate,initial,none,single-stage,,BBM,fluorescent,0.01,CHLPoreLLPa vulgaris
LLP,mixotrophic,log,1,28,96,0,12,12,0.04,yes,0.041253,0.053215,0,0.292805,0.025,0.105534,0.006816,0.001,0.000099,0.0004,0,0.05,0,8,batch,0,yes,photoautotrophic,carbon dioxide,sodium acetate,sodium nitrate,initial,none,single-stage,,mBBM,fluorescent,0.01,CHLPoreLLPa vulgaris
LLP,mixotrophic,log,1,28,96,0,12,12,0.04,yes,0.1196,0.1196,0,0.292805,0,0.0598,0,0,0,0,0,0,0,8,batch,0,yes,photoautotrophic,carbon dioxide,sodium acetate,sodium nitrate,initial,none,single-stage,,NPKAC1,fluorescent,0.01,CHLPoreLLPa vulgaris
LLP,mixotrophic,log,1,28,96,0,12,12,0.04,yes,0.1196,0.1794,0,0.292805,0,0.0598,0,0,0,0,0,0,0,8,batch,0,yes,photoautotrophic,carbon dioxide,sodium acetate,sodium nitrate,initial,none,single-stage,,NPKAC2,fluorescent,0.01,CHLPoreLLPa vulgaris
HLP,photoautotrophic,log,0.5,23,68,0,16,16,0,no,0.041253,0.053215,0,0,0.025,0.105534,0.006816,0.001,0.000099,0.0004,0,0.05,0,,batch,0,yes,photoautotrophic,none,none,sodium nitrate,initial,none,single-stage,white,BBM,fluorescent,0.01,CHLPoreLLPa emersoni
HLP,photoautotrophic,stationary,1,21,40,0,24,18,0.04,yes,0.24724,0.00712,0.002266,0,0,0.017955,0.009815,0,0.00001,0.00002,0,0.001,0,,batch,0,yes,photoautotrophic,"sodium carbonate, carbon dioxide",none,sodium nitrate,initial,none,single-stage,,BG11,fluorescent,0.06,CHLPoreLLPa sp
LLP,photoautotrophic,stationary,1.8,23.5,149.5,0,24,30,5.04,yes,0.248045,0.00712,0.002266,0.003906,0,0.017955,0.009815,0.000642,0.00001,0.00002,0,0.001,0,7.5,batch,0,yes,photoautotrophic,"sodium carbonate, carbon dioxide",none,sodium nitrate,initial,hydrogen cHLPoride,single-stage,daylight,BG11,fluorescent,0.1,CHLPoreLLPa vulgaris
LLP,photoautotrophic,stationary,1.8,23.5,149.5,0,24,30,5.04,yes,0.248045,0.00712,0.003586,0.003906,0,0.031455,0.025315,0.000642,0.00001,0.00002,0,0.001,0,7.5,batch,0,yes,photoautotrophic,"sodium carbonate, carbon dioxide",none,sodium nitrate,initial,hydrogen cHLPoride,single-stage,daylight,mBG11,fluorescent,0.1,CHLPoreLLPa vulgaris
LLP,photoautotrophic,stationary,1.8,23.5,149.5,0,24,30,5.04,yes,0.248045,0.00712,0.002926,0.003906,0,0.024705,0.017565,0.000642,0.00001,0.00002,0,0.001,0,7.5,batch,0,yes,photoautotrophic,"sodium carbonate, carbon dioxide",none,sodium nitrate,initial,hydrogen cHLPoride,single-stage,daylight,mBG11,fluorescent,0.1,CHLPoreLLPa vulgaris
LLP,photoautotrophic,stationary,1.8,23.5,149.5,0,24,30,5.04,yes,0.248045,0.00712,0.003586,0.003906,0,0.031455,0.025315,0.000642,0.00001,0.00002,0,0.001,0,7.5,batch,0,yes,photoautotrophic,"sodium carbonate, carbon dioxide",none,sodium nitrate,initial,hydrogen cHLPoride,single-stage,daylight,mBG11,fluorescent,0.1,CHLPoreLLPa vulgaris
LLP,photoautotrophic,stationary,1.8,23.5,149.5,0,12,30,5.04,yes,0.248045,0.00712,0.003586,0.003906,0,0.031455,0.025315,0.000642,0.00001,0.00002,0,0.001,0,7.5,batch,0,yes,photoautotrophic,"sodium carbonate, carbon dioxide",none,sodium nitrate,initial,hydrogen cHLPoride,single-stage,daylight,mBG11,fluorescent,0.1,CHLPoreLLPa vulgaris
LLP,photoautotrophic,stationary,0.1,25,75,0,14,21,0,no,0.138562,0.014457,0,0,0,0.386708,0.002726,0,0.000006,0.000001,0,0,0.001,6.8,batch,0,yes,photoautotrophic,none,none,potassium nitrate,initial,hydrogen cHLPoride,single-stage,,N-11,,0.2,CHLPoreLLPa vulgaris
LLP,photoautotrophic,stationary,0.1,25,75,0,14,7,0,no,0,0.014457,0,0,0,0,0.002726,0,0.000006,0.000001,0,0,0.001,6.8,batch,0,yes,photoautotrophic,none,none,none,initial,hydrogen cHLPoride,single-stage,,mN-11,,0.2,CHLPoreLLPa vulgaris
LLP,photoautotrophic,stationary,0.1,25,75,0,14,30,0,no,0.001386,0.014457,0,0,0,0.003867,0.002726,0,0.000006,0.000001,0,0,0.001,6.8,repeated fed-batch,0,yes,photoautotrophic,none,none,potassium nitrate,initial,hydrogen cHLPoride,single-stage,,mN-11,,0.2,CHLPoreLLPa vulgaris
LLP,photoautotrophic,stationary,0.1,28,100,160,24,7,0.04,yes,0.247841,0,0,0.002526,0,0,0.009815,0.000107,0.000992,0.00002,0,0,0,,batch,0,yes,photoautotrophic,carbon dioxide,none,sodium nitrate,initial,none,single-stage,,mBM,,1.1,CHLPoreLLPa vulgaris
HLP,mixotrophic,stationary,0.1,28,100,160,24,6,10.04,yes,0.247841,0,0,8.00226,0,0,0.009815,0.000107,0.000992,0.00002,0,0,0,,batch,0,yes,mixotrophic,carbon dioxide,glucose,sodium nitrate,initial,none,single-stage,,mBM,,1.1,CHLPoreLLPa vulgaris
HLP,heterotrophic,stationary,0.1,28,0,160,0,3,0,no,0.247841,0,0,12.002127,0,0,0.009815,0.000107,0.000992,0.00002,0,0,0,,batch,0,yes,heterotrophic,none,glucose,sodium nitrate,initial,none,single-stage,no-color,mBM,no-lamp,1.1,CHLPoreLLPa vulgaris
HLP,photoautotrophic,stationary,1,30,100,0,12,9,0,no,0.412059,0.088998,0,0,1,0.67316,0.010905,0.002009,0,0,0,0,0,9.5,batch,0,yes,photoautotrophic,none,none,sodium nitrate,initial,none,single-stage,,mZarrouck,,1,CHLPoreLLPa variabilis
LLP,photoautotrophic,stationary,1,30,100,0,12,9,0,no,0.412059,0.088998,2.401771,0,1,0.67316,0.010905,0.002009,0,0,0,0,0,8.7,batch,0,yes,photoautotrophic,sodium bicarbonate,none,sodium nitrate,initial,none,single-stage,,Zarrouck,,1,CHLPoreLLPa variabilis
HLP,photoautotrophic,stationary,1,30,100,0,12,9,0,no,0.197788,0.044499,0.714813,0,1,0.224398,0.010905,0.002009,0,0,0,0,0,8.4,batch,0,yes,photoautotrophic,sodium bicarbonate,none,sodium nitrate,initial,none,single-stage,,P2,,1,CHLPoreLLPa variabilis
HLP,photoautotrophic,stationary,1,30,100,0,12,9,0,no,1.083824,0.044499,0.75955,0,1,0.224398,0.010905,0.002009,0,0,0,0,0,7.8,batch,0,yes,photoautotrophic,ammonium bicarbonate,none,sodium nitrate,initial,none,single-stage,,mP2,,1,CHLPoreLLPa variabilis
LLP,photoautotrophic,stationary,0.15,25,60,0,24,16,0,no,0.001496,0.0315,0,0,0,0.028,0.013632,0.018079,0.007975,0.007991,0,0,0,,batch,0,yes,photoautotrophic,none,none,none,initial,none,single-stage,white,mTAP,fluorescent,0.2,CHLPoreLLPa minutissima
LLP,photoautotrophic,stationary,0.15,25,60,0,24,16,0,no,0.071535,0.0315,0,0,0,0.028,0.013632,0.018079,0.007975,0.007991,0,0,0,,batch,0,yes,photoautotrophic,none,none,sodium nitrate,initial,none,single-stage,white,mTAP,fluorescent,0.2,CHLPoreLLPa minutissima
HLP,photoautotrophic,stationary,0.15,25,60,0,24,16,0,no,0.141574,0.0315,0,0,0,0.028,0.013632,0.018079,0.007975,0.007991,0,0,0,,batch,0,yes,photoautotrophic,none,none,sodium nitrate,initial,none,single-stage,white,mTAP,fluorescent,0.2,CHLPoreLLPa minutissima
HLP,photoautotrophic,stationary,0.15,25,60,0,24,16,0,no,0.211612,0.0315,0,0,0,0.028,0.013632,0.018079,0.007975,0.007991,0,0,0,,batch,0,yes,photoautotrophic,none,none,sodium nitrate,initial,none,single-stage,white,mTAP,fluorescent,0.2,CHLPoreLLPa minutissima
HLP,photoautotrophic,stationary,0.15,25,60,0,24,16,0,no,0.281651,0.0315,0,0,0,0.028,0.013632,0.018079,0.007975,0.007991,0,0,0,,batch,0,yes,photoautotrophic,none,none,sodium nitrate,initial,none,single-stage,white,mTAP,fluorescent,0.2,CHLPoreLLPa minutissima
HLP,photoautotrophic,stationary,0.15,25,60,0,24,16,0,no,0.35169,0.0315,0,0,0,0.028,0.013632,0.018079,0.007975,0.007991,0,0,0,,batch,0,yes,photoautotrophic,none,none,sodium nitrate,initial,none,single-stage,white,mTAP,fluorescent,0.2,CHLPoreLLPa minutissima
LLP,photoautotrophic,stationary,0.15,25,60,0,24,16,0,no,0.063322,0,0,0,0,0.028,0.013632,0.018079,0.007975,0.007991,0,0,0,,batch,0,yes,photoautotrophic,none,none,sodium nitrate,initial,none,single-stage,white,mTAP,fluorescent,0.2,CHLPoreLLPa minutissima
LLP,photoautotrophic,stationary,0.15,25,60,0,24,16,0,no,0.063322,0.015,0,0,0,0.028,0.013632,0.018079,0.007975,0.007991,0,0,0,,batch,0,yes,photoautotrophic,none,none,sodium nitrate,initial,none,single-stage,white,mTAP,fluorescent,0.2,CHLPoreLLPa minutissima
HLP,photoautotrophic,stationary,0.15,25,60,0,24,16,0,no,0.063322,0.031,0,0,0,0.028,0.013632,0.018079,0.007975,0.007991,0,0,0,,batch,0,yes,photoautotrophic,none,none,sodium nitrate,initial,none,single-stage,white,mTAP,fluorescent,0.2,CHLPoreLLPa minutissima
HLP,photoautotrophic,stationary,0.15,25,60,0,24,16,0,no,0.063322,0.046,0,0,0,0.028,0.013632,0.018079,0.007975,0.007991,0,0,0,,batch,0,yes,photoautotrophic,none,none,sodium nitrate,initial,none,single-stage,white,mTAP,fluorescent,0.2,CHLPoreLLPa minutissima
HLP,photoautotrophic,stationary,0.15,25,60,0,24,16,0,no,0.063322,0.0619,0,0,0,0.028,0.013632,0.018079,0.007975,0.007991,0,0,0,,batch,0,yes,photoautotrophic,none,none,sodium nitrate,initial,none,single-stage,white,mTAP,fluorescent,0.2,CHLPoreLLPa minutissima
HLP,photoautotrophic,stationary,0.15,25,60,0,24,16,0,no,0.063322,0.077,0,0,0,0.028,0.013632,0.018079,0.007975,0.007991,0,0,0,,batch,0,yes,photoautotrophic,none,none,sodium nitrate,initial,none,single-stage,white,mTAP,fluorescent,0.2,CHLPoreLLPa minutissima
HLP,photoautotrophic,stationary,0.15,25,60,0,24,16,0,no,0.063322,0.093,0,0,0,0.028,0.013632,0.018079,0.007975,0.007991,0,0,0,,batch,0,yes,photoautotrophic,none,none,sodium nitrate,initial,none,single-stage,white,mTAP,fluorescent,0.2,CHLPoreLLPa minutissima
HLP,photoautotrophic,stationary,0.15,25,120,0,24,16,0,no,0.2473,0.03097,0,0,0,0.028,0.013632,0.018079,0.007975,0.007991,0,0,0,7,batch,0,yes,photoautotrophic,none,none,sodium nitrate,initial,none,single-stage,white,mTAP,fluorescent,0.2,CHLPoreLLPa minutissima
LLP,photoautotrophic,stationary,0.15,15,60,0,24,16,0,no,0.2473,0.03097,0,0,0,0.028,0.013632,0.018079,0.007975,0.007991,0,0,0,7,batch,0,yes,photoautotrophic,none,none,sodium nitrate,initial,none,single-stage,white,mTAP,fluorescent,0.2,CHLPoreLLPa minutissima
HLP,photoautotrophic,stationary,0.15,20,60,0,24,16,0,no,0.2473,0.03097,0,0,0,0.028,0.013632,0.018079,0.007975,0.007991,0,0,0,7,batch,0,yes,photoautotrophic,none,none,sodium nitrate,initial,none,single-stage,white,mTAP,fluorescent,0.2,CHLPoreLLPa minutissima
HLP,photoautotrophic,stationary,0.15,25,60,0,24,16,0,no,0.2473,0.03097,0,0,0,0.028,0.013632,0.018079,0.007975,0.007991,0,0,0,7,batch,0,yes,photoautotrophic,none,none,sodium nitrate,initial,none,single-stage,white,mTAP,fluorescent,0.2,CHLPoreLLPa minutissima
LLP,photoautotrophic,stationary,0.15,30,60,0,24,16,0,no,0.2473,0.03097,0,0,0,0.028,0.013632,0.018079,0.007975,0.007991,0,0,0,7,batch,0,yes,photoautotrophic,none,none,sodium nitrate,initial,none,single-stage,white,mTAP,fluorescent,0.2,CHLPoreLLPa minutissima
LLP,photoautotrophic,stationary,0.15,35,60,0,24,16,0,no,0.2473,0.03097,0,0,0,0.028,0.013632,0.018079,0.007975,0.007991,0,0,0,7,batch,0,yes,photoautotrophic,none,none,sodium nitrate,initial,none,single-stage,white,mTAP,fluorescent,0.2,CHLPoreLLPa minutissima
LLP,photoautotrophic,stationary,0.15,40,60,0,24,16,0,no,0.2473,0.03097,0,0,0,0.028,0.013632,0.018079,0.007975,0.007991,0,0,0,7,batch,0,yes,photoautotrophic,none,none,sodium nitrate,initial,none,single-stage,white,mTAP,fluorescent,0.2,CHLPoreLLPa minutissima
LLP,photoautotrophic,stationary,0.2,28,81,0,12,4,0.04,yes,0.041207,0.053215,0,0,0.025,0.083931,0.006816,0.001004,0.000002,0.000064,0.05,0,0,7,batch,0,yes,photoautotrophic,carbon dioxide,none,sodium nitrate,initial,none,single-stage,purple-pink,BBM,fluorescent,0.02,CHLPoreLLPa vulgaris
HLP,mixotrophic,stationary,0.2,28,81,0,12,2,0.04,yes,0.041207,0.053215,0,0.399987,0.025,0.083931,0.006816,0.001004,0.000002,0.000064,0.05,0,0,7,batch,0,yes,photoautotrophic,carbon dioxide,glucose,sodium nitrate,initial,none,single-stage,purple-pink,mBBM,fluorescent,0.02,CHLPoreLLPa vulgaris
HLP,mixotrophic,stationary,0.2,28,81,0,12,2,0.04,yes,0.041207,0.053215,0,0.399987,0.0625,0.083931,0.006816,0.001004,0.000002,0.000064,0.05,0,0,7,batch,0,yes,photoautotrophic,carbon dioxide,glucose,sodium nitrate,initial,none,single-stage,purple-pink,mBBM,fluorescent,0.02,CHLPoreLLPa vulgaris
HLP,mixotrophic,stationary,0.2,28,81,0,12,2,0.04,yes,0.041207,0.053215,0,0.399987,0.125,0.083931,0.006816,0.001004,0.000002,0.000064,0.05,0,0,7,batch,0,yes,photoautotrophic,carbon dioxide,glucose,sodium nitrate,initial,none,single-stage,purple-pink,mBBM,fluorescent,0.02,CHLPoreLLPa vulgaris
HLP,mixotrophic,stationary,0.2,28,81,0,12,2,0.04,yes,0.041207,0.053215,0,0.399987,0.187,0.083931,0.006816,0.001004,0.000002,0.000064,0.05,0,0,7,batch,0,yes,photoautotrophic,carbon dioxide,glucose,sodium nitrate,initial,none,single-stage,purple-pink,mBBM,fluorescent,0.02,CHLPoreLLPa vulgaris
HLP,mixotrophic,stationary,0.2,28,81,0,12,2,0.04,yes,0.041207,0.053215,0,0.399987,0.25,0.083931,0.006816,0.001004,0.000002,0.000064,0.05,0,0,7,batch,0,yes,photoautotrophic,carbon dioxide,glucose,sodium nitrate,initial,none,single-stage,purple-pink,mBBM,fluorescent,0.02,CHLPoreLLPa vulgaris
HLP,mixotrophic,stationary,0.2,28,81,0,12,2,0.04,yes,0.041207,0.053215,0,0.399987,1.25,0.083931,0.006816,0.001004,0.000002,0.000064,0.05,0,0,7,batch,0,yes,photoautotrophic,carbon dioxide,glucose,sodium nitrate,initial,none,single-stage,purple-pink,mBBM,fluorescent,0.02,CHLPoreLLPa vulgaris
LLP,photoautotrophic,stationary,0.1,15,67,0,12,7,0.04,yes,0.412063,0.088998,2.401771,0,1,0.224431,0.005453,0.002009,0.000009,0.00002,0,0,0,9.5,batch,0,no,photoautotrophic,"sodium bicarbonate, carbon dioxide",none,sodium nitrate,constant,potassium hydroxide,single-stage,,mZarrouck,,1,CHLPoreLLPa variabilis
LLP,photoautotrophic,stationary,0.1,15,67,0,12,7,2,yes,0.412063,0.088998,2.401771,0,1,0.224431,0.005453,0.002009,0.000009,0.00002,0,0,0,9.5,batch,0,no,photoautotrophic,"sodium bicarbonate, carbon dioxide",none,sodium nitrate,constant,potassium hydroxide,single-stage,,mZarrouck,,1,CHLPoreLLPa variabilis
LLP,photoautotrophic,stationary,0.1,15,67,0,12,7,5,yes,0.412063,0.088998,2.401771,0,1,0.224431,0.005453,0.002009,0.000009,0.00002,0,0,0,9.5,batch,0,no,photoautotrophic,"sodium bicarbonate, carbon dioxide",none,sodium nitrate,constant,potassium hydroxide,single-stage,,mZarrouck,,1,CHLPoreLLPa variabilis
LLP,photoautotrophic,stationary,0.1,15,67,0,12,7,0,no,0.412063,0.088998,2.401771,0,1,0.224431,0.005453,0.002009,0.000009,0.00002,0,0,0,8,repeated fed-batch,0,no,photoautotrophic,sodium bicarbonate,none,sodium nitrate,constant,potassium hydroxide,single-stage,,mZarrouck,,1,CHLPoreLLPa variabilis
LLP,photoautotrophic,stationary,0.1,15,67,0,12,7,0,no,0.412063,0.088998,2.401771,0,1,0.224431,0.005453,0.002009,0.000009,0.00002,0,0,0,9.5,repeated fed-batch,0,no,photoautotrophic,sodium bicarbonate,none,sodium nitrate,constant,potassium hydroxide,single-stage,,mZarrouck,,1,CHLPoreLLPa variabilis
LLP,photoautotrophic,stationary,0.1,15,67,0,12,7,0,no,0.412063,0.088998,2.401771,0,1,0.224431,0.005453,0.002009,0.000009,0.00002,0,0,0,12,repeated fed-batch,0,no,photoautotrophic,sodium bicarbonate,none,sodium nitrate,constant,potassium hydroxide,single-stage,,mZarrouck,,1,CHLPoreLLPa variabilis
HLP,photoautotrophic,stationary,0.4,30,1200,0,24,8,1.5,yes,0.24724,0.00712,0.002266,0,0,0.017955,0.009815,0,0.00001,0.00002,0,0.001,0,7.4,batch,0,yes,photoautotrophic,"sodium carbonate, carbon dioxide",none,sodium nitrate,initial,none,single-stage,white,BG11,fluorescent,1,CHLPoreLLPa fusca
HLP,photoautotrophic,stationary,0.4,30,1200,0,24,8,1.5,yes,0.000005,0.00712,0.002266,0,1.5,0.017955,0.009815,0,0.00001,0.00002,0,0.001,0,7.4,batch,0,yes,photoautotrophic,"sodium carbonate, carbon dioxide",none,none,initial,none,single-stage,white,mBG11,fluorescent,1,CHLPoreLLPa fusca
HLP,photoautotrophic,stationary,1.4,30,100,0,24,10,0.03,yes,0.0879,0.0836,0,0,0,0.064,0.013632,0.019887,0.00652,0.007991,0,0.001,0,7,batch,0,yes,photoautotrophic,carbon dioxide,none,none,initial,none,single-stage,,mTAP,,0.1,CHLPoreLLPa sp
HLP,photoautotrophic,stationary,1.4,30,100,0,24,10,1,yes,0.0879,0.0836,0,0,0,0.064,0.013632,0.019887,0.00652,0.007991,0,0.001,0,7,batch,0,yes,photoautotrophic,carbon dioxide,none,none,initial,none,single-stage,,mTAP,,0.1,CHLPoreLLPa sp
HLP,photoautotrophic,stationary,1.4,30,100,0,24,10,2,yes,0.0879,0.0836,0,0,0,0.064,0.013632,0.019887,0.00652,0.007991,0,0.001,0,7,batch,0,yes,photoautotrophic,carbon dioxide,none,none,initial,none,single-stage,,mTAP,,0.1,CHLPoreLLPa sp
HLP,photoautotrophic,stationary,1.4,30,100,0,24,10,3,yes,0.0879,0.0836,0,0,0,0.064,0.013632,0.019887,0.00652,0.007991,0,0.001,0,7,batch,0,yes,photoautotrophic,carbon dioxide,none,none,initial,none,single-stage,,mTAP,,0.1,CHLPoreLLPa sp
HLP,photoautotrophic,stationary,1.4,30,100,0,24,10,5,yes,0.0879,0.0836,0,0,0,0.064,0.013632,0.019887,0.00652,0.007991,0,0.001,0,7,batch,0,yes,photoautotrophic,carbon dioxide,none,none,initial,none,single-stage,,mTAP,,0.1,CHLPoreLLPa sp
LLP,photoautotrophic,stationary,1.4,30,100,0,24,10,10,yes,0.0879,0.0836,0,0,0,0.064,0.013632,0.019887,0.00652,0.007991,0,0.001,0,7,batch,0,yes,photoautotrophic,carbon dioxide,none,none,initial,none,single-stage,,mTAP,,0.1,CHLPoreLLPa sp
LLP,photoautotrophic,stationary,5,25,350,0,24,10,0.04,yes,0.041253,0.053215,0,0,0.025,0.105534,0.006816,0.000799,0.000099,0.0004,0,0.05,0,,batch,0,yes,photoautotrophic,carbon dioxide,none,sodium nitrate,initial,none,single-stage,,BBM,fluorescent,0.3,CHLPoreLLPa vulgaris
HLP,photoautotrophic,stationary,5,25,350,0,24,10,3,yes,0.041253,0.053215,0,0,0.025,0.105534,0.006816,0.000799,0.000099,0.0004,0,0.05,0,,batch,0,yes,photoautotrophic,carbon dioxide,none,sodium nitrate,initial,none,single-stage,,BBM,fluorescent,0.3,CHLPoreLLPa vulgaris
HLP,photoheterotrophic,stationary,5,25,350,0,24,10,0,yes,0.041253,0.053215,0,0.146403,0.025,0.105534,0.006816,0.000799,0.000099,0.0004,0,0.05,0,,repeated fed-batch,0,yes,photoautotrophic,none,sodium acetate,sodium nitrate,initial,none,single-stage,,BBM,fluorescent,0.3,CHLPoreLLPa vulgaris
HLP,photoautotrophic,stationary,5,25,350,0,24,10,0,yes,0.041253,0.053215,0.071481,0,0.025,0.105534,0.006816,0.000799,0.000099,0.0004,0,0.05,0,,repeated fed-batch,0,yes,photoautotrophic,sodium bicarbonate,none,sodium nitrate,initial,none,single-stage,,BBM,fluorescent,0.3,CHLPoreLLPa vulgaris
HLP,photoheterotrophic,stationary,5,25,350,0,24,10,0,yes,0.041253,0.053215,0,0.179052,0.025,0.105534,0.006816,0.000799,0.000099,0.0004,0,0.05,0,,repeated fed-batch,0,yes,photoautotrophic,none,molasses,sodium nitrate,initial,none,single-stage,,BBM,fluorescent,0.3,CHLPoreLLPa vulgaris
HLP,photoautotrophic,stationary,5,25,350,0,24,8,0.04,yes,0.000047,0.053215,0,0,0.025,0.105534,0.006816,0.000799,0.000099,0.0004,0,0.05,0,,batch,0,yes,photoautotrophic,carbon dioxide,none,none,initial,none,single-stage,,mBBM,fluorescent,1,CHLPoreLLPa vulgaris
HLP,photoautotrophic,stationary,5,25,350,0,24,7,3,yes,0.000047,0.053215,0,0,0.025,0.105534,0.006816,0.000799,0.000099,0.0004,0,0.05,0,,batch,0,yes,photoautotrophic,carbon dioxide,none,none,initial,none,single-stage,,mBBM,fluorescent,1,CHLPoreLLPa vulgaris
HLP,photoheterotrophic,stationary,5,25,350,0,24,6,0,yes,0.000047,0.053215,0,0.146403,0.025,0.105534,0.006816,0.000799,0.000099,0.0004,0,0.05,0,,repeated fed-batch,0,yes,photoautotrophic,none,sodium acetate,none,initial,none,single-stage,,mBBM,fluorescent,1,CHLPoreLLPa vulgaris
HLP,photoautotrophic,stationary,5,25,350,0,24,6,0,yes,0.000047,0.053215,0.071481,0,0.025,0.105534,0.006816,0.000799,0.000099,0.0004,0,0.05,0,,repeated fed-batch,0,yes,photoautotrophic,sodium bicarbonate,none,none,initial,none,single-stage,,mBBM,fluorescent,1,CHLPoreLLPa vulgaris
HLP,photoheterotrophic,stationary,5,25,350,0,24,7,0,yes,0.000047,0.053215,0,0.179052,0.025,0.105534,0.006816,0.000799,0.000099,0.0004,0,0.05,0,,repeated fed-batch,0,yes,photoautotrophic,none,molasses,none,initial,none,single-stage,,mBBM,fluorescent,1,CHLPoreLLPa vulgaris
HLP,photoautotrophic,stationary,2.5,25,150,0,24,4,2,yes,0.024724,0.006675,0,0.00225,0,0.016832,0.006816,0.00002,0,0,0,0.00075,0,7,batch,0,yes,heterotrophic,none,none,sodium nitrate,initial,none,single-stage,,ALLPen,fluorescent,0.3,CHLPoreLLPa pyrenoidosa
HLP,photoautotrophic,stationary,2.5,25,150,0,24,4,2,yes,0.041206,0.053215,0,0,0,0.083931,0.006816,0.00002,0,0,0,0.00075,0,7,batch,0,yes,heterotrophic,none,none,sodium nitrate,initial,none,single-stage,,BBM,fluorescent,0.3,CHLPoreLLPa pyrenoidosa
HLP,photoautotrophic,stationary,2.5,25,150,0,24,4,2,yes,0.247235,0.00712,0,0.00225,0,0.017955,0.009815,0.00127,0,0.00002,0,0.001,0,7,batch,0,yes,heterotrophic,none,none,sodium nitrate,initial,none,single-stage,,BG11,fluorescent,0.3,CHLPoreLLPa pyrenoidosa
HLP,photoautotrophic,stationary,2.5,25,150,0,24,4,2,yes,0.082417,0.001749,0,0,0,0,0,0.000806,0.000012,0.000003,0,0.00435,0,7,batch,0,yes,heterotrophic,none,none,sodium nitrate,initial,none,single-stage,,F-Si,fluorescent,0.3,CHLPoreLLPa pyrenoidosa
HLP,photoautotrophic,stationary,2.5,25,150,0,24,4,2,yes,0.17327,0.222494,0,0,0,1.044463,0.022765,0.018308,0.00001,0.0004,0,0.05,0,7,batch,0,yes,heterotrophic,none,none,potassium nitrate,initial,none,single-stage,,SK,fluorescent,0.3,CHLPoreLLPa pyrenoidosa
HLP,photoautotrophic,stationary,2.5,25,150,0,24,4,2,yes,0.0467139,0.003974,0,0,0,0,0,0.002686,0.000495,0.000509,0,0.004,0,7,batch,0,yes,heterotrophic,none,none,urea,initial,none,single-stage,,Walne,fluorescent,0.3,CHLPoreLLPa pyrenoidosa
LLP,photoautotrophic,stationary,1,23,120,0,16,24,0.04,yes,0.248045,0.00712,0.002266,0.003906,0,0.017955,0.009815,0.000642,0.00001,0.00002,0,0.001,0,,batch,0,yes,photoautotrophic,"sodium carbonate, carbon dioxide",none,sodium nitrate,initial,none,single-stage,,BG11,fluorescent,0.01,CHLPoreLLPa sp
LLP,photoautotrophic,stationary,1,23,120,0,16,24,0.04,yes,0.124427,0.00712,0.002266,0.003906,0,0.017955,0.009815,0.000642,0.00001,0.00002,0,0.001,0,,batch,0,yes,photoautotrophic,"sodium carbonate, carbon dioxide",none,sodium nitrate,initial,none,single-stage,,mBG11,fluorescent,0.01,CHLPoreLLPa sp
LLP,photoautotrophic,stationary,1,23,120,0,16,24,0.04,yes,0.083221,0.00712,0.002266,0.003906,0,0.017955,0.009815,0.000642,0.00001,0.00002,0,0.001,0,,batch,0,yes,photoautotrophic,"sodium carbonate, carbon dioxide",none,sodium nitrate,initial,none,single-stage,,mBG11,fluorescent,0.01,CHLPoreLLPa sp
LLP,photoautotrophic,stationary,1,23,120,0,16,24,0.04,yes,0.062618,0.00712,0.002266,0.003906,0,0.017955,0.009815,0.000642,0.00001,0.00002,0,0.001,0,,batch,0,yes,photoautotrophic,"sodium carbonate, carbon dioxide",none,sodium nitrate,initial,none,single-stage,,mBG11,fluorescent,0.01,CHLPoreLLPa sp
LLP,photoautotrophic,stationary,2.4,25,70,0,12,10,0.02,yes,0.248045,0.00712,0.002266,0.003906,0,0.017955,0.009815,0.000642,0.00001,0.00002,0,0.001,0,8.3,batch,0,yes,photoautotrophic,"sodium carbonate, carbon dioxide",none,sodium nitrate,initial,none,single-stage,white,BG11,fluorescent,0.002,CHLPoreLLPa sorokiniana
HLP,photoautotrophic,stationary,2.4,25,70,0,12,10,5,yes,0.248045,0.00712,0.002266,0.003906,0,0.017955,0.009815,0.000642,0.00001,0.00002,0,0.001,0,6.7,batch,0,yes,photoautotrophic,"sodium carbonate, carbon dioxide",none,sodium nitrate,initial,none,single-stage,white,BG11,fluorescent,0.002,CHLPoreLLPa sorokiniana
HLP,photoautotrophic,stationary,2.4,25,70,0,12,10,10,yes,0.248045,0.00712,0.002266,0.003906,0,0.017955,0.009815,0.000642,0.00001,0.00002,0,0.001,0,5.7,batch,0,yes,photoautotrophic,"sodium carbonate, carbon dioxide",none,sodium nitrate,initial,none,single-stage,white,BG11,fluorescent,0.002,CHLPoreLLPa sorokiniana
HLP,photoautotrophic,stationary,2.4,25,70,0,12,10,15,yes,0.248045,0.00712,0.002266,0.003906,0,0.017955,0.009815,0.000642,0.00001,0.00002,0,0.001,0,5.3,batch,0,yes,photoautotrophic,"sodium carbonate, carbon dioxide",none,sodium nitrate,initial,none,single-stage,white,BG11,fluorescent,0.002,CHLPoreLLPa sorokiniana
HLP,photoautotrophic,stationary,0.25,25,130,0,14,8,1.5,yes,0.069286,0.222494,0,0,0,0.754432,0,0.001808,0.00001,0.00002,0,0.037,0,,batch,0,yes,photoautotrophic,carbon dioxide,none,potassium nitrate,initial,none,single-stage,,mTamiya,,0.01,CHLPoreLLPa vulgaris
HLP,photoautotrophic,stationary,0.25,25,130,0,14,8,1.5,yes,0.069286,0.222494,0,0,0,0.754432,0,0.001808,0.00001,0.00002,0,0.037,0,,batch,0,yes,photoautotrophic,carbon dioxide,none,potassium nitrate,initial,none,single-stage,,mTamiya,,0.01,CHLPoreLLPa sp
LLP,photoautotrophic,stationary,1,38.5,250,0,16,16,0.03,yes,0.041253,0.017336,0,0,0.025,0.038691,0.006543,0.001838,0.000099,0.0004,0,0,0,7,batch,0,yes,photoautotrophic,carbon dioxide,none,sodium nitrate,initial,none,single-stage,daylight,mBBM,sun,0.01,CHLPoreLLPa pyrenoidosa
LLP,photoautotrophic,stationary,1,28,50,0,24,16,0,no,0.041253,0.017336,0.643332,0,0.025,0.038691,0.006543,0.001838,0.000099,0.0004,0,0,0,7,batch,0,yes,photoautotrophic,sodium bicarbonate,none,sodium nitrate,initial,none,single-stage,,BBM,fluorescent,0.01,CHLPoreLLPa pyrenoidosa
LLP,photoautotrophic,stationary,1,38.5,250,0,16,16,0.03,yes,0.02065,0.017336,0,0,0.025,0.038691,0.006543,0.001838,0.000099,0.0004,0,0,0,7,batch,0,yes,photoautotrophic,carbon dioxide,none,sodium nitrate,initial,none,single-stage,daylight,mBBM,sun,0.01,CHLPoreLLPa pyrenoidosa
LLP,photoautotrophic,stationary,1,28,50,0,24,16,0,no,0.02065,0.017336,0.643332,0,0.025,0.038691,0.006543,0.001838,0.000099,0.0004,0,0,0,7,batch,0,yes,photoautotrophic,sodium bicarbonate,none,sodium nitrate,initial,none,single-stage,,mBBM,fluorescent,0.01,CHLPoreLLPa pyrenoidosa
LLP,photoautotrophic,stationary,1,28,50,0,24,16,0.03,yes,0.041253,0.017336,0,0,0.025,0.038691,0.006543,0.001838,0.000099,0.0004,0,0,0,7,batch,0,yes,photoautotrophic,carbon dioxide,none,sodium nitrate,initial,none,single-stage,,mBBM,fluorescent,0.01,CHLPoreLLPa pyrenoidosa
LLP,photoautotrophic,stationary,1,28,50,0,16,16,0,no,0.041253,0.017336,0.643332,0,0.025,0.038691,0.006543,0.001838,0.000099,0.0004,0,0,0,7,batch,0,yes,photoautotrophic,sodium bicarbonate,none,sodium nitrate,initial,none,single-stage,,BBM,fluorescent,0.1,CHLPoreLLPa pyrenoidosa
LLP,photoautotrophic,stationary,1,28,50,0,24,16,0,no,0.041253,0.017336,0.643332,0,0.025,0.038691,0.006543,0.001838,0.000099,0.0004,0,0,0,7,batch,0,yes,photoautotrophic,sodium bicarbonate,none,sodium nitrate,constant,carbon dioxide,single-stage,,BBM,fluorescent,0.01,CHLPoreLLPa pyrenoidosa
HLP,photoautotrophic,stationary,1,28,50,0,24,16,0,no,0.041253,0.017336,0.643332,0,0.025,0.038691,0.006543,0.001838,0.000099,0.0004,0,0,0,9,batch,0,yes,photoautotrophic,sodium bicarbonate,none,sodium nitrate,constant,carbon dioxide,single-stage,,BBM,fluorescent,0.01,CHLPoreLLPa pyrenoidosa
LLP,photoautotrophic,stationary,1,28,50,0,24,16,0,no,0.041253,0.017336,0.643332,0,0.025,0.038691,0.006543,0.001838,0.000099,0.0004,0,0,0,11,batch,0,yes,photoautotrophic,sodium bicarbonate,none,sodium nitrate,constant,carbon dioxide,single-stage,,BBM,fluorescent,0.01,CHLPoreLLPa pyrenoidosa
HLP,photoautotrophic,stationary,2.5,22,175,0,12,4,2,yes,0.082417,0.001749,0,0,0,0,0,0.000806,0.000012,0.000003,0,0.00435,0,7,batch,0,yes,heterotrophic,carbon dioxide,none,sodium nitrate,initial,none,single-stage,,mF-Si,fluorescent,0.3,CHLPoreLLPa pyrenoidosa
HLP,photoautotrophic,stationary,2.5,30,175,0,12,4,2,yes,0.082417,0.001749,0,0,0,0,0,0.000806,0.000012,0.000003,0,0.00435,0,7,batch,0,yes,heterotrophic,carbon dioxide,none,sodium nitrate,initial,none,single-stage,,mF-Si,fluorescent,0.3,CHLPoreLLPa pyrenoidosa
HLP,photoautotrophic,stationary,2.5,36,175,0,12,4,2,yes,0.082417,0.001749,0,0,0,0,0,0.000806,0.000012,0.000003,0,0.00435,0,7,batch,0,yes,heterotrophic,carbon dioxide,none,sodium nitrate,initial,none,single-stage,,mF-Si,fluorescent,0.3,CHLPoreLLPa pyrenoidosa
HLP,photoautotrophic,stationary,1.5,30,200,0,24,4,2,yes,0.082417,0.001749,0,0,0,0,0,0.000806,0.000012,0.000003,0,0.00435,0,7,batch,0,yes,heterotrophic,carbon dioxide,none,sodium nitrate,initial,none,single-stage,,mF-Si,fluorescent,0.3,CHLPoreLLPa vulgaris
HLP,photoautotrophic,stationary,1.5,30,200,0,24,4,2,yes,0.082417,0.001749,0,0,0,0,0,0.000806,0.000012,0.000003,0,0.00435,0,7,batch,0,yes,photoautotrophic,carbon dioxide,none,sodium nitrate,initial,none,single-stage,,mF-Si,fluorescent,0.3,CHLPoreLLPa vulgaris
HLP,photoautotrophic,stationary,0.1,25,150,120,24,14,5,yes,0.04001,0.077517,0.120099,0,0,0.307142,0.02004,0,0.000071,0.000083,0,0.027,0.009634,7,batch,0,yes,photoautotrophic,"sodium bicarbonate, carbon dioxide",none,potassium nitrate,constant,sodium hydroxide,single-stage,purple-pink,FreshwaterM,fluorescent,1.25,CHLPoreLLPa vulgaris
HLP,photoautotrophic,stationary,0.1,25,150,120,24,14,5,yes,0,0.077517,0.120099,0,0,0.19548,0.02004,0,0.000071,0.000083,0,0.027,0.009634,7,batch,0,yes,photoautotrophic,"sodium bicarbonate, carbon dioxide",none,none,constant,sodium hydroxide,single-stage,purple-pink,FreshwaterM,fluorescent,1.25,CHLPoreLLPa vulgaris
HLP,mixotrophic,stationary,1,25,60,300,24,8,0,no,0.123618,0.053215,0,3.999867,0.025,0.083931,0.006816,0.001033,0,0.000001,0,0,0,6.5,batch,0,no,photoheterotrophic,none,glucose,sodium nitrate,initial,hydrogen cHLPoride,single-stage,white,mBristol-CZ-M1,fluorescent,0.01,CHLPoreLLPa vulgaris
HLP,mixotrophic,stationary,1,25,60,300,24,14,0,no,0.123618,0.053215,0,3.999867,0.025,0.083931,0.006816,0.001033,0,0.000001,0,0,0,6.5,batch,0,no,photoheterotrophic,none,fructose,sodium nitrate,initial,hydrogen cHLPoride,single-stage,white,mBristol-CZ-M1,fluorescent,0.01,CHLPoreLLPa vulgaris
LLP,mixotrophic,stationary,1,25,60,300,24,10,0,no,0.123618,0.053215,0,3.999871,0.025,0.083931,0.006816,0.001033,0,0.000001,0,0,0,6.5,batch,0,no,photoheterotrophic,none,sucrose,sodium nitrate,initial,hydrogen cHLPoride,single-stage,white,mBristol-CZ-M1,fluorescent,0.01,CHLPoreLLPa vulgaris
LLP,mixotrophic,stationary,1,25,60,300,24,10,0,no,0.123618,0.053215,0,3.998378,0.025,0.083931,0.006816,0.001033,0,0.000001,0,0,0,6.5,batch,0,no,photoheterotrophic,none,glycerol,sodium nitrate,initial,hydrogen cHLPoride,single-stage,white,mBristol-CZ-M1,fluorescent,0.01,CHLPoreLLPa vulgaris
LLP,mixotrophic,stationary,1,25,60,300,24,10,0,no,0.123618,0.053215,0,4.00265,0.025,0.083931,0.006816,0.001033,0,0.000001,0,0,0,6.5,batch,0,no,photoheterotrophic,none,sodium acetate,sodium nitrate,initial,hydrogen cHLPoride,single-stage,white,mBristol-CZ-M1,fluorescent,0.01,CHLPoreLLPa vulgaris
HLP,mixotrophic,stationary,1,25,60,300,24,12,0,no,0.123618,0.053215,0,3.999867,0.025,0.083931,0.006816,0.001033,0,0.000001,0,0,0,8.5,batch,0,no,photoheterotrophic,none,fructose,sodium nitrate,constant,hydrogen cHLPoride,single-stage,white,mBristol-CZ-M1,fluorescent,0.01,CHLPoreLLPa vulgaris
LLP,mixotrophic,stationary,1,25,60,300,24,12,0,no,0.123618,0.053215,0,3.999871,0.025,0.083931,0.006816,0.001033,0,0.000001,0,0,0,8.5,batch,0,no,photoheterotrophic,none,sucrose,sodium nitrate,constant,hydrogen cHLPoride,single-stage,white,mBristol-CZ-M1,fluorescent,0.01,CHLPoreLLPa vulgaris
HLP,mixotrophic,stationary,1,25,60,300,24,12,0,no,0.123618,0.053215,0,4.00265,0.025,0.083931,0.006816,0.001033,0,0.000001,0,0,0,8.5,batch,0,no,photoheterotrophic,none,sodium acetate,sodium nitrate,constant,hydrogen cHLPoride,single-stage,white,mBristol-CZ-M1,fluorescent,0.01,CHLPoreLLPa vulgaris
HLP,mixotrophic,stationary,1,25,60,300,24,12,0,no,0.123618,0.053215,0,0.004,0.025,0.083931,0.006816,0.001033,0,0.000001,0,0,0,6,batch,0,no,photoheterotrophic,none,acetic acid,sodium nitrate,constant,acetic acid,single-stage,white,mBristol-CZ-M1,fluorescent,0.01,CHLPoreLLPa vulgaris
HLP,mixotrophic,stationary,1,25,60,300,24,12,0,no,0.123618,0.053215,0,0.004,0.025,0.083931,0.006816,0.001033,0,0.000001,0,0,0,6.5,batch,0,no,photoheterotrophic,none,acetic acid,sodium nitrate,constant,acetic acid,single-stage,white,mBristol-CZ-M1,fluorescent,0.01,CHLPoreLLPa vulgaris
HLP,mixotrophic,stationary,1,25,60,300,24,12,0,no,0.123618,0.053215,0,0.004,0.025,0.083931,0.006816,0.001033,0,0.000001,0,0,0,7,batch,0,no,photoheterotrophic,none,acetic acid,sodium nitrate,constant,acetic acid,single-stage,white,mBristol-CZ-M1,fluorescent,0.01,CHLPoreLLPa vulgaris
HLP,mixotrophic,stationary,1,25,60,300,24,12,0,no,0.123618,0.053215,0,0.004,0.025,0.083931,0.006816,0.001033,0,0.000001,0,0,0,7.5,batch,0,no,photoheterotrophic,none,acetic acid,sodium nitrate,constant,acetic acid,single-stage,white,mBristol-CZ-M1,fluorescent,0.01,CHLPoreLLPa vulgaris
HLP,mixotrophic,stationary,1,25,60,300,24,12,0,no,0.123618,0.053215,0,0.004,0.025,0.083931,0.006816,0.001033,0,0.000001,0,0,0,8,batch,0,no,photoheterotrophic,none,acetic acid,sodium nitrate,constant,acetic acid,single-stage,white,mBristol-CZ-M1,fluorescent,0.01,CHLPoreLLPa vulgaris
HLP,heterotrophic,stationary,0.1,24,0,120,0,8,0,no,0.334663,0.055038,0,15.999467,0.0057,0.086229,0.006816,0,0,0,0,0,0,6.5,batch,0,no,heterotrophic,none,glucose,peptone,initial,none,single-stage,no-color,mBristol,no-lamp,0.01,CHLPoreLLPa saccharophila
HLP,heterotrophic,stationary,0.1,24,0,120,0,8,0,no,0.334663,0.055038,0,19.911774,0.0057,0.086229,0.006816,0,0,0,0,0,0,6.5,batch,0,no,heterotrophic,none,"glucose, glycerol",peptone,initial,none,single-stage,no-color,mBristol,no-lamp,0.01,CHLPoreLLPa saccharophila
HLP,heterotrophic,stationary,0.1,24,0,120,0,8,0,no,0.608478,0.055038,0,17.955621,0.0057,0.086229,0.006816,0,0,0,0,0,0,6.5,batch,0,no,heterotrophic,none,"glucose, glycerol",peptone,initial,none,single-stage,no-color,mBristol,no-lamp,0.01,CHLPoreLLPa saccharophila
HLP,heterotrophic,stationary,0.1,24,0,120,0,8,0,no,0.334663,0.055038,0,9.955887,0.0057,0.086229,0.006816,0,0,0,0,0,0,6.5,batch,0,no,heterotrophic,none,"glucose, glycerol",peptone,initial,none,single-stage,no-color,mBristol,no-lamp,0.01,CHLPoreLLPa saccharophila
HLP,photoautotrophic,stationary,1,24,300,0,12,16,0,no,0.027526,0.00178,0.002266,0.013127,0,0.004489,0.039373,0.00798,0,0,0,0,0,,batch,0,no,photoautotrophic,sodium carbonate,none,calcium nitrate,initial,none,single-stage,white,CHU-10,fluorescent,0.2,CHLPoreLLPa sp
HLP,photoautotrophic,stationary,1,24,300,0,12,16,0,no,0,0.00178,0.002266,0.013127,0,0.004489,0,0.00798,0,0,0,0,0,,batch,0,no,photoautotrophic,sodium carbonate,none,none,initial,none,single-stage,white,mCHU-10,fluorescent,0.2,CHLPoreLLPa sp
HLP,photoautotrophic,stationary,1,24,300,0,12,16,0,no,0.027526,0,0.002266,0.013127,0,0,0.039373,0.00798,0,0,0,0,0,,batch,0,no,photoautotrophic,sodium carbonate,none,calcium nitrate,initial,none,single-stage,white,mCHU-10,fluorescent,0.2,CHLPoreLLPa sp
HLP,photoautotrophic,stationary,1,24,300,0,12,16,0,no,0.027526,0.00178,0.002266,0.013127,0,0.004489,0.039373,0,0,0,0,0,0,,batch,0,no,photoautotrophic,sodium carbonate,none,calcium nitrate,initial,none,single-stage,white,mCHU-10,fluorescent,0.2,CHLPoreLLPa sp
HLP,photoautotrophic,stationary,1,24,300,0,12,16,0,no,0,0,0.002266,0.013127,0,0,0,0,0,0,0,0,0,,batch,0,no,photoautotrophic,sodium carbonate,none,none,initial,none,single-stage,white,mCHU-10,fluorescent,0.2,CHLPoreLLPa sp
LLP,photoautotrophic,stationary,1,25,60,150,24,20,0,no,0.173674,0.284755,0.1428,0,0,0.842427,0.030153,0.010004,0.000992,0.003996,0,0.5,0,6.2,batch,0,no,photoautotrophic,sodium bicarbonate,none,sodium nitrate,initial,none,single-stage,white,mBM,fluorescent,0.02,CHLPoreLLPa vulgaris
HLP,photoautotrophic,stationary,1,25,60,150,24,20,2,yes,0.173674,0.284755,0,0,0,0.842427,0.030153,0.010004,0.000992,0.003996,0,0.5,0,6.2,batch,0,no,photoautotrophic,carbon dioxide,none,sodium nitrate,initial,none,single-stage,white,BM,fluorescent,0.02,CHLPoreLLPa vulgaris
LLP,heterotrophic,stationary,1,25,0,150,0,8,0,no,0.173674,0.284755,0,4,0,0.842427,0.030153,0.010004,0.000992,0.003996,0,0.5,0,6.2,batch,0,no,photoautotrophic,none,glucose,sodium nitrate,initial,none,single-stage,no-color,mBM,no-lamp,0.02,CHLPoreLLPa vulgaris
HLP,mixotrophic,stationary,1,25,60,150,24,8,0,no,0.173674,0.284755,0,4,0,0.842427,0.030153,0.010004,0.000992,0.003996,0,0.5,0,6.2,batch,0,no,photoautotrophic,none,glucose,sodium nitrate,initial,none,single-stage,white,mBM,fluorescent,0.02,CHLPoreLLPa vulgaris
HLP,mixotrophic,stationary,1,25,60,150,24,16,2,yes,0.173674,0.284755,0,4,0,0.842427,0.030153,0.010004,0.000992,0.003996,0,0.5,0,6.2,batch,0,no,photoautotrophic,carbon dioxide,glucose,sodium nitrate,initial,none,single-stage,white,mBM,fluorescent,0.02,CHLPoreLLPa vulgaris
LLP,photoautotrophic,stationary,1,25,60,150,24,17,0,no,0.123618,0.053215,0.1428,0,0.025,0.083931,0.006816,0.001033,0,0.000001,0,0,0,6.2,batch,0,no,photoautotrophic,sodium bicarbonate,none,sodium nitrate,initial,none,single-stage,white,mBristol-CZ-M1,fluorescent,0.02,CHLPoreLLPa vulgaris
LLP,photoautotrophic,stationary,1,25,60,150,24,17,2,yes,0.123618,0.053215,0,0,0.025,0.083931,0.006816,0.001033,0,0.000001,0,0,0,6.2,batch,0,no,photoautotrophic,carbon dioxide,none,sodium nitrate,initial,none,single-stage,white,mBristol-CZ-M1,fluorescent,0.02,CHLPoreLLPa vulgaris
LLP,heterotrophic,stationary,1,25,0,150,0,8,0,no,0.123618,0.053215,0,4,0.025,0.083931,0.006816,0.001033,0,0.000001,0,0,0,6.2,batch,0,no,photoautotrophic,none,glucose,sodium nitrate,initial,none,single-stage,no-color,mBristol-CZ-M1,no-lamp,0.02,CHLPoreLLPa vulgaris
HLP,mixotrophic,stationary,1,25,60,150,24,8,0,no,0.123618,0.053215,0,4,0.025,0.083931,0.006816,0.001033,0,0.000001,0,0,0,6.2,batch,0,no,photoautotrophic,none,glucose,sodium nitrate,initial,none,single-stage,white,mBristol-CZ-M1,fluorescent,0.02,CHLPoreLLPa vulgaris
HLP,mixotrophic,stationary,1,25,60,150,24,12,2,yes,0.123618,0.053215,0,4,0.025,0.083931,0.006816,0.001033,0,0.000001,0,0,0,6.2,batch,0,no,photoautotrophic,carbon dioxide,glucose,sodium nitrate,initial,none,single-stage,white,mBristol-CZ-M1,fluorescent,0.02,CHLPoreLLPa vulgaris
LLP,photoautotrophic,stationary,1,25,60,150,24,10,0,no,0.01401,0.001549,0.1446,0,0,0.003905,0.010033,0.000651,0.000002,0.000003,0,0.00436,0,6.2,batch,0,no,photoautotrophic,sodium bicarbonate,none,sodium nitrate,initial,none,single-stage,white,MBL,fluorescent,0.02,CHLPoreLLPa vulgaris
HLP,photoautotrophic,stationary,1,25,60,150,24,10,2,yes,0.01401,0.001549,0.001801,0,0,0.003905,0.010033,0.000651,0.000002,0.000003,0,0.00436,0,6.2,batch,0,no,photoautotrophic,carbon dioxide,none,sodium nitrate,initial,none,single-stage,white,mMBL,fluorescent,0.02,CHLPoreLLPa vulgaris
LLP,heterotrophic,stationary,1,25,0,150,0,16,0,no,0.01401,0.001549,0.001801,4,0,0.003905,0.010033,0.000651,0.000002,0.000003,0,0.00436,0,6.2,batch,0,no,photoautotrophic,none,glucose,sodium nitrate,initial,none,single-stage,no-color,mMBL,no-lamp,0.02,CHLPoreLLPa vulgaris
HLP,mixotrophic,stationary,1,25,60,150,24,16,0,no,0.01401,0.001549,0.001801,4,0,0.003905,0.010033,0.000651,0.000002,0.000003,0,0.00436,0,6.2,batch,0,no,photoautotrophic,none,glucose,sodium nitrate,initial,none,single-stage,white,mMBL,fluorescent,0.02,CHLPoreLLPa vulgaris
HLP,mixotrophic,stationary,1,25,60,150,24,8,2,yes,0.01401,0.001549,0.001801,4,0,0.003905,0.010033,0.000651,0.000002,0.000003,0,0.00436,0,6.2,batch,0,no,photoautotrophic,carbon dioxide,glucose,sodium nitrate,initial,none,single-stage,white,mMBL,fluorescent,0.02,CHLPoreLLPa vulgaris
HLP,photoautotrophic,stationary,1,25,60,150,24,20,2,yes,0.173674,0.284755,0,0,0,0.842427,0.030153,0.010004,0.000992,0.003996,0,0.5,0,6.5,batch,0,yes,photoautotrophic,carbon dioxide,none,potassium nitrate,initial,none,single-stage,white,BM,fluorescent,0.01,CHLPoreLLPa vulgaris
HLP,photoautotrophic,stationary,1,25,60,150,24,20,2,yes,0.087073,0.284755,0,0,0,0.600735,0.030153,0.010004,0.000992,0.003996,0,0.5,0,6.5,batch,0,yes,photoautotrophic,carbon dioxide,none,potassium nitrate,initial,none,single-stage,white,mBM,fluorescent,0.01,CHLPoreLLPa vulgaris
HLP,photoautotrophic,stationary,1,25,60,150,24,20,2,yes,0.043842,0.284755,0,0,0,0.480082,0.030153,0.010004,0.000992,0.003996,0,0.5,0,6.5,batch,0,yes,photoautotrophic,carbon dioxide,none,potassium nitrate,initial,none,single-stage,white,mBM,fluorescent,0.01,CHLPoreLLPa vulgaris
HLP,photoautotrophic,stationary,1,25,60,150,24,20,2,yes,0.022087,0.284755,0,0,0,0.419369,0.030153,0.010004,0.000992,0.003996,0,0.5,0,6.5,batch,0,yes,photoautotrophic,carbon dioxide,none,potassium nitrate,initial,none,single-stage,white,mBM,fluorescent,0.01,CHLPoreLLPa vulgaris
LLP,photoautotrophic,stationary,80,25,160,0,18,20,0,no,0.012362,0.001123,0,0,0,0,0,0.000651,0.000002,0.000003,0,0.00416,0,7,batch,0,yes,photoautotrophic,none,none,sodium nitrate,initial,sodium hydroxide,single-stage,purple-pink,F/2,LED,0.47,CHLPoreLLPa vulgaris
LLP,photoautotrophic,stationary,80,25,160,0,18,20,0,no,0.012362,0.001123,0.003574,0,0,0,0,0.000651,0.000002,0.000003,0,0.00416,0,7,batch,0,yes,photoautotrophic,sodium bicarbonate,none,sodium nitrate,initial,sodium hydroxide,single-stage,purple-pink,mF/2,LED,0.47,CHLPoreLLPa vulgaris
LLP,photoautotrophic,stationary,80,25,160,0,18,20,0,no,0.012362,0.001123,0.007148,0,0,0,0,0.000651,0.000002,0.000003,0,0.00416,0,7,batch,0,yes,photoautotrophic,sodium bicarbonate,none,sodium nitrate,initial,sodium hydroxide,single-stage,purple-pink,mF/2,LED,0.47,CHLPoreLLPa vulgaris
LLP,photoautotrophic,stationary,80,25,160,0,18,20,0,no,0.012362,0.001123,0.142963,0,0,0,0,0.000651,0.000002,0.000003,0,0.00416,0,7,batch,0,yes,photoautotrophic,sodium bicarbonate,none,sodium nitrate,initial,sodium hydroxide,single-stage,purple-pink,mF/2,LED,0.47,CHLPoreLLPa vulgaris
LLP,photoautotrophic,stationary,80,25,160,0,18,20,0,no,0.012362,0.001123,0.214444,0,0,0,0,0.000651,0.000002,0.000003,0,0.00416,0,7,batch,0,yes,photoautotrophic,sodium bicarbonate,none,sodium nitrate,initial,sodium hydroxide,single-stage,purple-pink,mF/2,LED,0.47,CHLPoreLLPa vulgaris
LLP,photoautotrophic,stationary,80,25,160,0,18,20,0,no,0.012362,0.001123,0.285925,0,0,0,0,0.000651,0.000002,0.000003,0,0.00416,0,7,batch,0,yes,photoautotrophic,sodium bicarbonate,none,sodium nitrate,initial,sodium hydroxide,single-stage,purple-pink,mF/2,LED,0.47,CHLPoreLLPa vulgaris
LLP,photoautotrophic,stationary,1,25,400,0,12,12,0.04,yes,0.248045,0.005429,0.002266,0.003906,0,0.01369,0.009815,0.000642,0.00001,0.00002,0,0.001,0,,batch,0,yes,photoautotrophic,"sodium carbonate, carbon dioxide",none,sodium nitrate,initial,none,single-stage,white,BG11,fluorescent,0.05,CHLPoreLLPa sorokiniana
HLP,mixotrophic,stationary,1,25,400,0,12,12,0.04,yes,0.248045,0.005429,0.002266,2.00384,0,0.01369,0.009815,0.000642,0.00001,0.00002,0,0.001,0,,batch,0,yes,photoautotrophic,"sodium carbonate, carbon dioxide",glucose,sodium nitrate,initial,none,single-stage,white,mBG11,fluorescent,0.05,CHLPoreLLPa sorokiniana
HLP,mixotrophic,stationary,1,25,400,0,12,12,0.04,yes,0.248045,0.005429,0.002266,4.003773,0,0.01369,0.009815,0.000642,0.00001,0.00002,0,0.001,0,,batch,0,yes,photoautotrophic,"sodium carbonate, carbon dioxide",glucose,sodium nitrate,initial,none,single-stage,white,mBG11,fluorescent,0.05,CHLPoreLLPa sorokiniana
HLP,mixotrophic,stationary,1,25,400,0,12,12,0.04,yes,0.248045,0.005429,0.002266,6.003706,0,0.01369,0.009815,0.000642,0.00001,0.00002,0,0.001,0,,batch,0,yes,photoautotrophic,"sodium carbonate, carbon dioxide",glucose,sodium nitrate,initial,none,single-stage,white,mBG11,fluorescent,0.05,CHLPoreLLPa sorokiniana
HLP,mixotrophic,stationary,1,25,400,0,12,12,0.04,yes,0.248045,0.005429,0.002266,8.00364,0,0.01369,0.009815,0.000642,0.00001,0.00002,0,0.001,0,,batch,0,yes,photoautotrophic,"sodium carbonate, carbon dioxide",glucose,sodium nitrate,initial,none,single-stage,white,mBG11,fluorescent,0.05,CHLPoreLLPa sorokiniana
HLP,mixotrophic,stationary,1,25,400,0,12,12,0.04,yes,0.248045,0.005429,0.002266,10.003573,0,0.01369,0.009815,0.000642,0.00001,0.00002,0,0.001,0,,batch,0,yes,photoautotrophic,"sodium carbonate, carbon dioxide",glucose,sodium nitrate,initial,none,single-stage,white,mBG11,fluorescent,0.05,CHLPoreLLPa sorokiniana
LLP,photoautotrophic,log,0.15,25,55,160,16,4,0,no,0.24885,0.00712,0.002266,0.003312,0,0.017955,0.009815,0.001283,0.00001,0.00002,0,0.001,0,7,batch,0,yes,photoautotrophic,sodium carbonate,none,sodium nitrate,initial,none,single-stage,,BG11,fluorescent,0.1,CHLPoreLLPa vulgaris
HLP,mixotrophic,log,0.15,25,55,160,16,4,0,no,0.24885,0.00712,0.002266,2.003245,0,0.017955,0.009815,0.001283,0.00001,0.00002,0,0.001,0,7,batch,0,yes,photoautotrophic,sodium carbonate,glucose,sodium nitrate,initial,none,single-stage,,mBG11,fluorescent,0.1,CHLPoreLLPa vulgaris
HLP,mixotrophic,log,0.15,25,55,160,16,4,0,no,0.24885,0.00712,0.002266,4.003178,0,0.017955,0.009815,0.001283,0.00001,0.00002,0,0.001,0,7,batch,0,yes,photoautotrophic,sodium carbonate,glucose,sodium nitrate,initial,none,single-stage,,mBG11,fluorescent,0.1,CHLPoreLLPa vulgaris
HLP,mixotrophic,log,0.15,25,55,160,16,4,0,no,0.24885,0.00712,0.002266,6.003112,0,0.017955,0.009815,0.001283,0.00001,0.00002,0,0.001,0,7,batch,0,yes,photoautotrophic,sodium carbonate,glucose,sodium nitrate,initial,none,single-stage,,mBG11,fluorescent,0.1,CHLPoreLLPa vulgaris
LLP,mixotrophic,log,0.15,25,55,160,16,4,0,no,0.24885,0.00712,0.002266,8.003045,0,0.017955,0.009815,0.001283,0.00001,0.00002,0,0.001,0,7,batch,0,yes,photoautotrophic,sodium carbonate,glucose,sodium nitrate,initial,none,single-stage,,mBG11,fluorescent,0.1,CHLPoreLLPa vulgaris
HLP,mixotrophic,log,0.15,25,55,160,16,4,0,no,0.24885,0.00712,0.002266,10.002979,0,0.017955,0.009815,0.001283,0.00001,0.00002,0,0.001,0,7,batch,0,yes,photoautotrophic,sodium carbonate,glucose,sodium nitrate,initial,none,single-stage,,mBG11,fluorescent,0.1,CHLPoreLLPa vulgaris
LLP,heterotrophic,log,0.15,25,0,160,0,4,0,no,0.24885,0.00712,0.002266,2.003245,0,0.017955,0.009815,0.001283,0.00001,0.00002,0,0.001,0,7,batch,0,yes,photoautotrophic,sodium carbonate,glucose,sodium nitrate,initial,none,single-stage,no-color,mBG11,no-lamp,0.1,CHLPoreLLPa vulgaris
LLP,heterotrophic,log,0.15,25,0,160,0,4,0,no,0.24885,0.00712,0.002266,4.003178,0,0.017955,0.009815,0.001283,0.00001,0.00002,0,0.001,0,7,batch,0,yes,photoautotrophic,sodium carbonate,glucose,sodium nitrate,initial,none,single-stage,no-color,mBG11,no-lamp,0.1,CHLPoreLLPa vulgaris
LLP,heterotrophic,log,0.15,25,0,160,0,4,0,no,0.24885,0.00712,0.002266,6.003112,0,0.017955,0.009815,0.001283,0.00001,0.00002,0,0.001,0,7,batch,0,yes,photoautotrophic,sodium carbonate,glucose,sodium nitrate,initial,none,single-stage,no-color,mBG11,no-lamp,0.1,CHLPoreLLPa vulgaris
LLP,heterotrophic,log,0.15,25,0,160,0,4,0,no,0.24885,0.00712,0.002266,8.003045,0,0.017955,0.009815,0.001283,0.00001,0.00002,0,0.001,0,7,batch,0,yes,photoautotrophic,sodium carbonate,glucose,sodium nitrate,initial,none,single-stage,no-color,mBG11,no-lamp,0.1,CHLPoreLLPa vulgaris
LLP,heterotrophic,log,0.15,25,0,160,0,4,0,no,0.24885,0.00712,0.002266,10.002979,0,0.017955,0.009815,0.001283,0.00001,0.00002,0,0.001,0,7,batch,0,yes,photoautotrophic,sodium carbonate,glucose,sodium nitrate,initial,none,single-stage,no-color,mBG11,no-lamp,0.1,CHLPoreLLPa vulgaris
LLP,photoautotrophic,stationary,0.15,25,55,160,16,10,0,no,0.24885,0.00712,0.002266,0.003312,0,0.017955,0.009815,0.001283,0.00001,0.00002,0,0.001,0,7,batch,0,yes,photoautotrophic,sodium carbonate,none,sodium nitrate,initial,none,single-stage,,BG11,fluorescent,0.1,CHLPoreLLPa vulgaris
HLP,mixotrophic,stationary,0.15,25,55,160,16,10,0,no,0.24885,0.00712,0.002266,2.003245,0,0.017955,0.009815,0.001283,0.00001,0.00002,0,0.001,0,7,batch,0,yes,photoautotrophic,sodium carbonate,glucose,sodium nitrate,initial,none,single-stage,,mBG11,fluorescent,0.1,CHLPoreLLPa vulgaris
HLP,mixotrophic,stationary,0.15,25,55,160,16,10,0,no,0.24885,0.00712,0.002266,4.003178,0,0.017955,0.009815,0.001283,0.00001,0.00002,0,0.001,0,7,batch,0,yes,photoautotrophic,sodium carbonate,glucose,sodium nitrate,initial,none,single-stage,,mBG11,fluorescent,0.1,CHLPoreLLPa vulgaris
HLP,mixotrophic,stationary,0.15,25,55,160,16,10,0,no,0.24885,0.00712,0.002266,6.003112,0,0.017955,0.009815,0.001283,0.00001,0.00002,0,0.001,0,7,batch,0,yes,photoautotrophic,sodium carbonate,glucose,sodium nitrate,initial,none,single-stage,,mBG11,fluorescent,0.1,CHLPoreLLPa vulgaris
HLP,mixotrophic,stationary,0.15,25,55,160,16,10,0,no,0.24885,0.00712,0.002266,8.003045,0,0.017955,0.009815,0.001283,0.00001,0.00002,0,0.001,0,7,batch,0,yes,photoautotrophic,sodium carbonate,glucose,sodium nitrate,initial,none,single-stage,,mBG11,fluorescent,0.1,CHLPoreLLPa vulgaris
HLP,mixotrophic,stationary,0.15,25,55,160,16,10,0,no,0.24885,0.00712,0.002266,10.002979,0,0.017955,0.009815,0.001283,0.00001,0.00002,0,0.001,0,7,batch,0,yes,photoautotrophic,sodium carbonate,glucose,sodium nitrate,initial,none,single-stage,,mBG11,fluorescent,0.1,CHLPoreLLPa vulgaris
HLP,heterotrophic,stationary,0.15,25,0,160,0,10,0,no,0.24885,0.00712,0.002266,2.003245,0,0.017955,0.009815,0.001283,0.00001,0.00002,0,0.001,0,7,batch,0,yes,photoautotrophic,sodium carbonate,glucose,sodium nitrate,initial,none,single-stage,no-color,mBG11,no-lamp,0.1,CHLPoreLLPa vulgaris
HLP,heterotrophic,stationary,0.15,25,0,160,0,10,0,no,0.24885,0.00712,0.002266,4.003178,0,0.017955,0.009815,0.001283,0.00001,0.00002,0,0.001,0,7,batch,0,yes,photoautotrophic,sodium carbonate,glucose,sodium nitrate,initial,none,single-stage,no-color,mBG11,no-lamp,0.1,CHLPoreLLPa vulgaris
HLP,heterotrophic,stationary,0.15,25,0,160,0,10,0,no,0.24885,0.00712,0.002266,6.003112,0,0.017955,0.009815,0.001283,0.00001,0.00002,0,0.001,0,7,batch,0,yes,photoautotrophic,sodium carbonate,glucose,sodium nitrate,initial,none,single-stage,no-color,mBG11,no-lamp,0.1,CHLPoreLLPa vulgaris
HLP,heterotrophic,stationary,0.15,25,0,160,0,10,0,no,0.24885,0.00712,0.002266,8.003045,0,0.017955,0.009815,0.001283,0.00001,0.00002,0,0.001,0,7,batch,0,yes,photoautotrophic,sodium carbonate,glucose,sodium nitrate,initial,none,single-stage,no-color,mBG11,no-lamp,0.1,CHLPoreLLPa vulgaris
HLP,heterotrophic,stationary,0.15,25,0,160,0,10,0,no,0.24885,0.00712,0.002266,10.002979,0,0.017955,0.009815,0.001283,0.00001,0.00002,0,0.001,0,7,batch,0,yes,photoautotrophic,sodium carbonate,glucose,sodium nitrate,initial,none,single-stage,no-color,mBG11,no-lamp,0.1,CHLPoreLLPa vulgaris
LLP,mixotrophic,stationary,1,25,106.55,0,12,83,0.04,yes,0.040412,0.005012,0.01787,0.058561,0,0.006319,0.0009,0.001377,0,0.000025,0,0,0,,batch,0,no,photoautotrophic,sodium bicarbonate,"sodium acetate, carbon dioxide",ammonium cHLPoride,initial,none,single-stage,,SWW,LED,0.18,CHLPoreLLPa pyrenoidosa
LLP,mixotrophic,stationary,1,25,106.55,0,12,83,0.04,yes,0.040412,0.005012,0.01787,0.058561,5,0.006319,0.0009,0.001377,0,0.000025,0,0,0,,batch,0,no,photoautotrophic,sodium bicarbonate,"sodium acetate, carbon dioxide",ammonium cHLPoride,initial,none,single-stage,,mSWW,LED,0.18,CHLPoreLLPa pyrenoidosa
LLP,mixotrophic,stationary,1,25,106.55,0,12,83,0.04,yes,0.040412,0.005012,0.01787,0.058561,10,0.006319,0.0009,0.001377,0,0.000025,0,0,0,,batch,0,no,photoautotrophic,sodium bicarbonate,"sodium acetate, carbon dioxide",ammonium cHLPoride,initial,none,single-stage,,mSWW,LED,0.18,CHLPoreLLPa pyrenoidosa
LLP,mixotrophic,stationary,1,25,106.55,0,12,83,0.04,yes,0.040412,0.005012,0.01787,0.058561,20,0.006319,0.0009,0.001377,0,0.000025,0,0,0,,batch,0,no,photoautotrophic,sodium bicarbonate,"sodium acetate, carbon dioxide",ammonium cHLPoride,initial,none,single-stage,,mSWW,LED,0.18,CHLPoreLLPa pyrenoidosa
LLP,mixotrophic,stationary,1,25,106.55,0,12,83,0.04,yes,0.040412,0.005012,0.01787,0.058561,30,0.006319,0.0009,0.001377,0,0.000025,0,0,0,,batch,0,no,photoautotrophic,sodium bicarbonate,"sodium acetate, carbon dioxide",ammonium cHLPoride,initial,none,single-stage,,mSWW,LED,0.18,CHLPoreLLPa pyrenoidosa
HLP,heterotrophic,stationary,0.75,25,0,100,0,3,0,no,0.692811,0.284755,0,0.08,0,2.292585,0,0.007432,0.000002,0.000003,0,0,0,7,repeated fed-batch,0,yes,photoheterotrophic,none,acetic acid,potassium nitrate,constant,acetic acid,single-stage,no-color,mTamiya,no-lamp,1,CHLPoreLLPa vulgaris
HLP,heterotrophic,stationary,10,25,0,100,0,3,0,no,0.692811,0.284755,0,0.08,0,2.292585,0,0.007432,0.000002,0.000003,0,0,0,7,repeated fed-batch,0,yes,photoheterotrophic,none,acetic acid,potassium nitrate,constant,acetic acid,single-stage,no-color,mTamiya,no-lamp,2.5,CHLPoreLLPa vulgaris
LLP,heterotrophic,log,0.75,25,0,100,0,3,0,no,0.692811,0.284755,0,0.08,0,2.292585,0,0.007432,0.000002,0.000003,0,0,0,7,repeated fed-batch,0,yes,photoheterotrophic,none,glucose,potassium nitrate,constant,hydrogen cHLPoride,single-stage,no-color,mTamiya,no-lamp,4,CHLPoreLLPa vulgaris
HLP,heterotrophic,log,0.75,25,0,100,0,3,0,no,0.692811,0.284755,0,0.08,0,2.292585,0,0.007432,0.000002,0.000003,0,0,0,7,repeated fed-batch,0,yes,photoheterotrophic,none,glucose,potassium nitrate,constant,hydrogen cHLPoride,single-stage,no-color,mTamiya,no-lamp,1,CHLPoreLLPa vulgaris
LLP,photoautotrophic,stationary,0.5,28,45,150,24,21,0,no,0.027717,0.045561,0,0,0,0.134788,0.054526,0.000011,0.00001,0.00002,0,0.0745,0,7,batch,0,yes,photoautotrophic,none,none,potassium nitrate,initial,"sodium cHLPoride, hydrogen cHLPoride",single-stage,white,FOGG,fluorescent,0.2,CHLPoreLLPa sp
LLP,photoautotrophic,stationary,0.5,28,45,150,24,21,0,no,0.027717,0.045561,0,0,11.708,0.134788,0.054526,0.000011,0.00001,0.00002,0,0.0745,0,7,batch,0,yes,photoautotrophic,none,none,potassium nitrate,initial,"sodium cHLPoride, hydrogen cHLPoride",single-stage,white,mFOGG,fluorescent,0.2,CHLPoreLLPa sp
LLP,photoautotrophic,stationary,0.5,28,45,150,24,21,0,no,0.027717,0.045561,0,0,29.27,0.134788,0.054526,0.000011,0.00001,0.00002,0,0.0745,0,7,batch,0,yes,photoautotrophic,none,none,potassium nitrate,initial,"sodium cHLPoride, hydrogen cHLPoride",single-stage,white,mFOGG,fluorescent,0.2,CHLPoreLLPa sp
LLP,photoautotrophic,stationary,0.5,28,45,150,24,21,0,no,0.027717,0.045561,0,0,46.832,0.134788,0.054526,0.000011,0.00001,0.00002,0,0.0745,0,7,batch,0,yes,photoautotrophic,none,none,potassium nitrate,initial,"sodium cHLPoride, hydrogen cHLPoride",single-stage,white,mFOGG,fluorescent,0.2,CHLPoreLLPa sp
LLP,photoautotrophic,stationary,0.5,28,45,150,24,21,0,no,0.027717,0.045561,0,0,64.394,0.134788,0.054526,0.000011,0.00001,0.00002,0,0.0745,0,7,batch,0,yes,photoautotrophic,none,none,potassium nitrate,initial,"sodium cHLPoride, hydrogen cHLPoride",single-stage,white,mFOGG,fluorescent,0.2,CHLPoreLLPa sp
LLP,photoautotrophic,stationary,0.5,28,45,150,24,15,0,no,0.027717,0.045561,0,0,0,0.134788,0.054526,0.000011,0.00001,0.00002,0,0.0745,0,7,batch,0,yes,photoautotrophic,none,none,potassium nitrate,initial,"sodium cHLPoride, hydrogen cHLPoride",single-stage,white,FOGG,fluorescent,0.2,CHLPoreLLPa sp
LLP,photoautotrophic,stationary,0.5,28,45,150,24,15,0,no,0.027717,0.045561,0,0,0,0.134788,0.054526,0.000011,0.00001,0.00002,0,0.0745,0,7,batch,0,yes,photoautotrophic,none,none,potassium nitrate,initial,"sodium cHLPoride, hydrogen cHLPoride",single-stage,red,FOGG,fluorescent,0.2,CHLPoreLLPa sp
LLP,photoautotrophic,stationary,0.5,28,45,150,24,15,0,no,0.027717,0.045561,0,0,0,0.134788,0.054526,0.000011,0.00001,0.00002,0,0.0745,0,7,batch,0,yes,photoautotrophic,none,none,potassium nitrate,initial,"sodium cHLPoride, hydrogen cHLPoride",single-stage,yeLLPow,FOGG,fluorescent,0.2,CHLPoreLLPa sp
LLP,photoautotrophic,stationary,0.5,28,45,150,24,15,0,no,0.027717,0.045561,0,0,0,0.134788,0.054526,0.000011,0.00001,0.00002,0,0.0745,0,7,batch,0,yes,photoautotrophic,none,none,potassium nitrate,initial,"sodium cHLPoride, hydrogen cHLPoride",single-stage,green,FOGG,fluorescent,0.2,CHLPoreLLPa sp
LLP,photoautotrophic,stationary,0.5,28,31.5,150,24,15,0,no,0.027717,0.045561,0,0,0,0.134788,0.054526,0.000011,0.00001,0.00002,0,0.0745,0,7,batch,0,yes,photoautotrophic,none,none,potassium nitrate,initial,"sodium cHLPoride, hydrogen cHLPoride",single-stage,white,FOGG,fluorescent,0.2,CHLPoreLLPa sp
LLP,photoautotrophic,stationary,0.5,28,40.5,150,24,15,0,no,0.027717,0.045561,0,0,0,0.134788,0.054526,0.000011,0.00001,0.00002,0,0.0745,0,7,batch,0,yes,photoautotrophic,none,none,potassium nitrate,initial,"sodium cHLPoride, hydrogen cHLPoride",single-stage,white,FOGG,fluorescent,0.2,CHLPoreLLPa sp
LLP,photoautotrophic,stationary,0.5,28,49.5,150,24,15,0,no,0.027717,0.045561,0,0,0,0.134788,0.054526,0.000011,0.00001,0.00002,0,0.0745,0,7,batch,0,yes,photoautotrophic,none,none,potassium nitrate,initial,"sodium cHLPoride, hydrogen cHLPoride",single-stage,white,FOGG,fluorescent,0.2,CHLPoreLLPa sp
LLP,photoautotrophic,stationary,0.5,28,49.5,150,24,15,0,no,0.027717,0.045561,0,0,0,0.134788,0.054526,0.000011,0.00001,0.00002,0,0.0745,0,5,batch,0,yes,photoautotrophic,none,none,potassium nitrate,initial,"sodium cHLPoride, hydrogen cHLPoride",single-stage,white,FOGG,fluorescent,0.2,CHLPoreLLPa sp
LLP,photoautotrophic,stationary,0.5,28,49.5,150,24,15,0,no,0.027717,0.045561,0,0,0,0.134788,0.054526,0.000011,0.00001,0.00002,0,0.0745,0,6,batch,0,yes,photoautotrophic,none,none,potassium nitrate,initial,"sodium cHLPoride, hydrogen cHLPoride",single-stage,white,FOGG,fluorescent,0.2,CHLPoreLLPa sp
LLP,photoautotrophic,stationary,0.5,28,49.5,150,24,15,0,no,0.027717,0.045561,0,0,0,0.134788,0.054526,0.000011,0.00001,0.00002,0,0.0745,0,7,batch,0,yes,photoautotrophic,none,none,potassium nitrate,initial,"sodium cHLPoride, hydrogen cHLPoride",single-stage,white,FOGG,fluorescent,0.2,CHLPoreLLPa sp
LLP,photoautotrophic,stationary,0.5,28,49.5,150,24,15,0,no,0.027717,0.045561,0,0,0,0.134788,0.054526,0.000011,0.00001,0.00002,0,0.0745,0,8,batch,0,yes,photoautotrophic,none,none,potassium nitrate,initial,"sodium cHLPoride, hydrogen cHLPoride",single-stage,white,FOGG,fluorescent,0.2,CHLPoreLLPa sp
LLP,photoautotrophic,stationary,0.5,28,49.5,150,24,15,0,no,0.027717,0.045561,0,0,0,0.134788,0.054526,0.000011,0.00001,0.00002,0,0.0745,0,7,batch,0,yes,photoautotrophic,none,none,potassium nitrate,initial,"sodium cHLPoride, hydrogen cHLPoride",single-stage,white,FOGG,fluorescent,0.2,CHLPoreLLPa sp
LLP,photoautotrophic,stationary,0.5,28,49.5,150,16,15,0,no,0.027717,0.045561,0,0,0,0.134788,0.054526,0.000011,0.00001,0.00002,0,0.0745,0,7,batch,0,yes,photoautotrophic,none,none,potassium nitrate,initial,"sodium cHLPoride, hydrogen cHLPoride",single-stage,white,FOGG,fluorescent,0.2,CHLPoreLLPa sp
LLP,photoautotrophic,stationary,0.5,28,49.5,150,8,15,0,no,0.027717,0.045561,0,0,0,0.134788,0.054526,0.000011,0.00001,0.00002,0,0.0745,0,7,batch,0,yes,photoautotrophic,none,none,potassium nitrate,initial,"sodium cHLPoride, hydrogen cHLPoride",single-stage,white,FOGG,fluorescent,0.2,CHLPoreLLPa sp
HLP,photoautotrophic,stationary,0.25,25,130,110,24,7,1,yes,0.248064,0.005434,0.071481,0.003906,0,0.013703,0.009815,0.000642,0.00001,0.00002,0,0.001,0,8.1,batch,0,yes,photoautotrophic,"sodium bicarbonate, carbon dioxide",none,urea,initial,none,single-stage,,mBG11,LED,0.01,CHLPoreLLPa sp
HLP,photoautotrophic,stationary,0.25,25,130,110,24,7,1,yes,0.248045,0.005434,0.071481,0.003906,0,0.013703,0.009815,0.000642,0.00001,0.00002,0,0.001,0,8.1,batch,0,yes,photoautotrophic,"sodium bicarbonate, carbon dioxide",none,sodium nitrate,initial,none,single-stage,,mBG11,LED,0.01,CHLPoreLLPa sp
HLP,photoautotrophic,stationary,0.25,25,130,110,24,7,1,yes,0.248045,0.005434,0.071481,0.003906,0,0.702043,0.009815,0.000642,0.00001,0.00002,0,0.001,0,8.1,batch,0,yes,photoautotrophic,"sodium bicarbonate, carbon dioxide",none,potassium nitrate,initial,none,single-stage,,mBG11,LED,0.01,CHLPoreLLPa sp
LLP,photoautotrophic,stationary,0.25,25,130,110,24,7,1,yes,0.248045,0.005434,0.071481,0.003906,0,0.013703,0.009815,0.000642,0.00001,0.00002,0,0.001,0,8.1,batch,0,yes,photoautotrophic,"sodium bicarbonate, carbon dioxide",none,ammonium nitrate,initial,none,single-stage,,mBG11,LED,0.01,CHLPoreLLPa sp
LLP,photoautotrophic,stationary,0.25,25,130,110,24,7,1,yes,0.248064,0.005434,0.071481,0.003906,0,0.013703,0.009815,0.000642,0.00001,0.00002,0,0.001,0,8.1,batch,0,yes,photoautotrophic,"sodium bicarbonate, carbon dioxide",none,ammonium cHLPoride,initial,none,single-stage,,mBG11,LED,0.01,CHLPoreLLPa sp
HLP,mixotrophic,stationary,0.25,25,130,110,24,7,1,yes,0.248045,0.005434,0.071481,0.427682,0,0.013703,0.009815,0.000642,0.00001,0.00002,0,0.001,0,8.1,batch,0,yes,photoautotrophic,"sodium bicarbonate, carbon dioxide",ammonium acetate,ammonium acetate,initial,none,single-stage,,mBG11,LED,0.01,CHLPoreLLPa sp
LLP,photoautotrophic,stationary,0.25,25,130,110,24,7,1,yes,0.248045,0.005434,0.071481,0.003906,0,0.013703,0.009815,0.000642,0.00001,0.00002,0,0.001,0,8.1,batch,0,yes,photoautotrophic,"sodium bicarbonate, carbon dioxide",none,ammonium sulfate,initial,none,single-stage,,mBG11,LED,0.01,CHLPoreLLPa sp
HLP,photoautotrophic,stationary,0.25,25,130,110,24,7,1,yes,0.248045,0.005434,0.282636,0.003906,0,0.013703,0.009815,0.000642,0.00001,0.00002,0,0.001,0,8.1,batch,0,yes,photoautotrophic,"sodium bicarbonate, carbon dioxide",none,ammonium bicarbonate,initial,none,single-stage,,mBG11,LED,0.01,CHLPoreLLPa sp
HLP,photoautotrophic,stationary,0.5,25,180,250,24,9,1,yes,0.248064,0.005434,0.071481,0.003906,0,0.013703,0.009815,0.000642,0.00001,0.00002,0,0.001,0,8.1,batch,0,yes,photoautotrophic,"sodium bicarbonate, carbon dioxide",none,urea,initial,none,single-stage,,mBG11,LED,0.01,CHLPoreLLPa sp
HLP,photoautotrophic,log,0.5,25,180,250,24,4,1,yes,0.248064,0.005434,0.071481,0.003906,0,0.013703,0.009815,0.000642,0.00001,0.00002,0,0.001,0,8.1,batch,0,yes,photoautotrophic,"sodium bicarbonate, carbon dioxide",none,urea,initial,none,dual-stage,,mBG11,LED,0.01,CHLPoreLLPa sp
HLP,photoautotrophic,stationary,0.5,25,180,250,24,7,1,yes,0.248064,0.005434,0.071481,0.003906,0,0.013703,0.009815,0.000642,0.00001,0.00002,0,0.001,0,8.1,batch,0,yes,photoautotrophic,"sodium bicarbonate, carbon dioxide",none,urea,initial,none,dual-stage,,mBG11,LED,0.01,CHLPoreLLPa sp
HLP,photoautotrophic,stationary,2,27,360,100,24,8,0.04,yes,0.057692,0.097916,1.921417,0,0,0.154432,0.009024,0.002341,0,0.00002,0,0,0,7.5,batch,0,no,photoautotrophic,"sodium bicarbonate, carbon dioxide",none,sodium nitrate,constant,carbon dioxide,single-stage,purple-pink,mBM,fluorescent,0.1,CHLPoreLLPa vulgaris
HLP,photoautotrophic,stationary,2,27,360,100,24,6,0.04,yes,0.057692,0.097916,1.921417,0,0,0.154432,0.009024,0.002341,0,0.00002,0,0,0,8.5,batch,0,no,photoautotrophic,"sodium bicarbonate, carbon dioxide",none,sodium nitrate,constant,carbon dioxide,single-stage,purple-pink,mBM,fluorescent,0.1,CHLPoreLLPa vulgaris
HLP,photoautotrophic,stationary,2,27,360,100,24,6,0.04,yes,0.057692,0.097916,1.921417,0,0,0.154432,0.009024,0.002341,0,0.00002,0,0,0,9.5,batch,0,no,photoautotrophic,"sodium bicarbonate, carbon dioxide",none,sodium nitrate,constant,carbon dioxide,single-stage,purple-pink,mBM,fluorescent,0.1,CHLPoreLLPa vulgaris
HLP,photoautotrophic,stationary,2,27,360,100,24,8,0.04,yes,0.057692,0.097916,0,0,9.47,0.154432,0.009024,0.002341,0,0.00002,0,0,0,7.5,batch,0,no,photoautotrophic,carbon dioxide,none,sodium nitrate,constant,carbon dioxide,single-stage,purple-pink,mBM,fluorescent,0.1,CHLPoreLLPa vulgaris
HLP,photoautotrophic,stationary,2,27,360,100,24,6,0.04,yes,0.057692,0.097916,0,0,9.47,0.154432,0.009024,0.002341,0,0.00002,0,0,0,8.5,batch,0,no,photoautotrophic,carbon dioxide,none,sodium nitrate,constant,carbon dioxide,single-stage,purple-pink,mBM,fluorescent,0.1,CHLPoreLLPa vulgaris
HLP,photoautotrophic,stationary,2,27,360,100,24,6,0.04,yes,0.057692,0.097916,0,0,9.47,0.154432,0.009024,0.002341,0,0.00002,0,0,0,9.5,batch,0,no,photoautotrophic,carbon dioxide,none,sodium nitrate,constant,carbon dioxide,single-stage,purple-pink,mBM,fluorescent,0.1,CHLPoreLLPa vulgaris
HLP,photoautotrophic,stationary,0.6,25,400,0,24,9,2,yes,0.248045,0.006948,0.002266,0.003906,0,0.008761,0.009815,0.000642,0.00001,0.00002,0,0,0,,batch,0,no,photoautotrophic,"sodium carbonate, carbon dioxide",none,sodium nitrate,initial,none,single-stage,white,BG11,fluorescent,0.01,CHLPoreLLPa sorokiniana
HLP,photoautotrophic,stationary,0.6,25,400,0,24,9,2,yes,0.248045,0.006948,0.002266,0.003906,60,0.008761,0.009815,0.000642,0.00001,0.00002,0,0,0,,batch,0,no,photoautotrophic,"sodium carbonate, carbon dioxide",none,sodium nitrate,initial,none,single-stage,white,mBG11,fluorescent,0.01,CHLPoreLLPa sorokiniana
HLP,photoautotrophic,stationary,0.6,25,400,0,24,9,2,yes,0.248045,0.006948,0.002266,0.003906,60,0.008761,0.009815,0.000642,0.00001,0.00002,0,0,0,,batch,0,no,photoautotrophic,"sodium carbonate, carbon dioxide",none,sodium nitrate,initial,none,dual-stage,white,mBG11,fluorescent,0.01,CHLPoreLLPa sorokiniana
LLP,photoautotrophic,stationary,1,25,100,300,12,30,0.04,yes,0.008241,0.037269,0,0,0.025,0.279854,0.006816,0.100036,0,0.000008,0,0,0,7,batch,0,yes,photoautotrophic,none,none,sodium nitrate,initial,none,single-stage,white,mBBM,fluorescent,0.01,CHLPoreLLPa sorokiniana
LLP,photoautotrophic,log,1,25,100,300,12,30,0.04,yes,0.205205,0.037269,0,0,0.025,0.279854,0.006816,0.100036,0,0.000008,0,0,0,7,batch,0,yes,photoautotrophic,none,none,sodium nitrate,initial,none,single-stage,white,mBBM,fluorescent,0.01,CHLPoreLLPa sorokiniana
HB,photoautotrophic,stationary,5,27,37,0,14,18,0,no,0.041253,0.053215,0,0,0.000983,0.105534,0.000682,0.001,0.000099,0.0004,0,0.05,0,,batch,0,yes,photoautotrophic,none,none,sodium nitrate,initial,none,single-stage,,BBM,,0.15,Chlorella sp
LB,photoautotrophic,stationary,1,27,37,0,14,18,0,no,0.041253,0.053215,0,0,0.000983,0.105534,0.000682,0.001,0.000099,0.0004,0,0.05,0,,batch,0,yes,photoautotrophic,none,none,sodium nitrate,initial,none,single-stage,,BBM,,0.15,Chlorella sp
LB,photoautotrophic,stationary,"0,4",30,120,0,24,28,0.04,yes,1.562682,0.532381,0.22731,0,0,0.55659,0.339425,0,0,0,0.225,0,0.225,7,batch,0,yes,photoautotrophic,"sodium bicarbonate, carbon dioxide",none,sodium nitrate,initial,none,single-stage,white,JM,,0.12,Chlorella sp
LB,photoautotrophic,stationary,"0,4",30,120,0,24,28,20,yes,1.562682,0.532381,0.22731,0,0,0.55659,0.339425,0,0,0,0.225,0,0.225,7,batch,0,yes,photoautotrophic,"sodium bicarbonate, carbon dioxide",none,sodium nitrate,initial,none,single-stage,white,JM,,0.12,Chlorella sp
LB,photoautotrophic,stationary,"0,4",30,120,0,24,28,40,yes,1.562682,0.532381,0.22731,0,0,0.55659,0.339425,0,0,0,0.225,0,0.225,7,batch,0,yes,photoautotrophic,"sodium bicarbonate, carbon dioxide",none,sodium nitrate,initial,none,single-stage,white,JM,,0.12,Chlorella sp
LB,photoautotrophic,stationary,,28,95,0,16,15,0,no,0.248045,0.00712,0.002266,0.003906,0,0.017955,0.009815,0.000642,0.00001,0.00002,0,0.001,0,,batch,0,yes,photoautotrophic,sodium carbonate,none,sodium nitrate,initial,none,single-stage,,BG11,,0.01,Chlorella sp
LB,photoautotrophic,stationary,,28,95,0,16,30,0,no,0.248045,0.00712,0.002266,0.003906,0,0.017955,0.009815,0.000642,0.00001,0.00002,0,0.001,0,,batch,0,yes,photoautotrophic,sodium carbonate,none,sodium nitrate,initial,none,single-stage,,BG11,,0.01,Chlorella sp
LB,photoautotrophic,stationary,,28,95,0,16,45,0,no,0.248045,0.00712,0.002266,0.003906,0,0.017955,0.009815,0.000642,0.00001,0.00002,0,0.001,0,,batch,0,yes,photoautotrophic,sodium carbonate,none,sodium nitrate,initial,none,single-stage,,BG11,,0.01,Chlorella sp
LB,photoautotrophic,stationary,,28,95,0,16,15,0,no,0.041253,0.053215,0,0,0.000983,0.105534,0.000682,0.001,0.000099,0.0004,0,0.05,0,,batch,0,yes,photoautotrophic,none,none,sodium nitrate,initial,none,single-stage,,BBM,,0.01,Chlorella sp
LB,photoautotrophic,stationary,,28,95,0,16,30,0,no,0.041253,0.053215,0,0,0.000983,0.105534,0.000682,0.001,0.000099,0.0004,0,0.05,0,,batch,0,yes,photoautotrophic,none,none,sodium nitrate,initial,none,single-stage,,BBM,,0.01,Chlorella sp
LB,photoautotrophic,stationary,,28,95,0,16,45,0,no,0.041253,0.053215,0,0,0.000983,0.105534,0.000682,0.001,0.000099,0.0004,0,0.05,0,,batch,0,yes,photoautotrophic,none,none,sodium nitrate,initial,none,single-stage,,BBM,,0.01,Chlorella sp
LB,photoautotrophic,stationary,,28,95,0,16,15,0,no,3.928633,0.008173,0,0,0,0.016589,0.545262,0.00002,0.000008,0.000008,0,0.0002,0,,batch,0,yes,photoautotrophic,none,none,ammonium chloride,initial,none,single-stage,,TAP,,0.01,Chlorella sp
LB,photoautotrophic,stationary,,28,95,0,16,30,0,no,3.928633,0.008173,0,0,0,0.016589,0.545262,0.00002,0.000008,0.000008,0,0.0002,0,,batch,0,yes,photoautotrophic,none,none,ammonium chloride,initial,none,single-stage,,TAP,,0.01,Chlorella sp
LB,photoautotrophic,stationary,,28,95,0,16,45,0,no,3.928633,0.008173,0,0,0,0.016589,0.545262,0.00002,0.000008,0.000008,0,0.0002,0,,batch,0,yes,photoautotrophic,none,none,ammonium chloride,initial,none,single-stage,,TAP,,0.01,Chlorella sp
HB,photoautotrophic,stationary,"0,150",25,44.8,0,24,14,0.04,yes,0.041253,0.053215,0,0,0.000983,0.105534,0.000682,0.001,0.000099,0.0004,0,0.05,0,7,batch,0,yes,photoautotrophic,carbon dioxide,none,sodium nitrate,initial,none,single-stage,,BBM,,0.2,Chlorella sp
HB,photoautotrophic,log,"0,150",25,44.8,0,24,14,0.04,yes,0.248045,0.00712,0.002266,0.003906,0,0.017955,0.009815,0.000642,0.00001,0.00002,0,0.001,0,7.5,batch,0,yes,photoautotrophic,"sodium carbonate, carbon dioxide",none,sodium nitrate,initial,none,single-stage,,BG11,,0.2,Chlorella sp
LB,mixotrophic,stationary,1,28,100,0,16,15,0.04,yes,0.062618,0.00712,0.002266,0.003906,0,0.017955,0.009815,0.000642,0.00001,0.00002,0,0.001,0,,batch,0,yes,photoautotrophic,"sodium carbonate, carbon dioxide",none,sodium nitrate,initial,none,single-stage,white,BG11,LED,1.825,Chlorella sp
LB,mixotrophic,stationary,1,28,100,0,16,15,0.04,yes,0.989751,0.00712,0.002266,0.003906,0,0.017955,0.009815,0.000642,0.00001,0.00002,0,0.001,0,,batch,0,yes,photoautotrophic,"sodium carbonate, carbon dioxide",none,sodium nitrate,initial,none,single-stage,white,BG11,LED,1.835,Chlorella sp
LB,mixotrophic,stationary,1,28,100,0,16,15,0.04,yes,0.248045,0.00178,0.002266,0.003906,0,0.004489,0.009815,0.000642,0.00001,0.00002,0,0.001,0,,batch,0,yes,photoautotrophic,"sodium carbonate, carbon dioxide",none,sodium nitrate,initial,none,single-stage,white,BG11,LED,1.825,Chlorella sp
LB,mixotrophic,stationary,1,28,100,0,16,15,0.04,yes,0.248045,0.028479,0.002266,0.003906,0,0.071818,0.009815,0.000642,0.00001,0.00002,0,0.001,0,,batch,0,yes,photoautotrophic,"sodium carbonate, carbon dioxide",none,sodium nitrate,initial,none,single-stage,white,BG11,LED,1.825,Chlorella sp
LB,mixotrophic,stationary,1,28,100,0,16,15,0.04,yes,0.248045,0.00712,0.000567,0.003906,0,0.017955,0.009815,0.000642,0.00001,0.00002,0,0.001,0,,batch,0,yes,photoautotrophic,"sodium carbonate, carbon dioxide",none,sodium nitrate,initial,none,single-stage,white,BG11,LED,1.83,Chlorella sp
LB,mixotrophic,stationary,1,28,100,0,16,15,0.04,yes,0.248045,0.00712,0.002266,0.003906,0,0.017955,0.009815,0.000642,0.00001,0.00002,0,0.001,0,,batch,0,yes,photoautotrophic,"sodium carbonate, carbon dioxide",none,sodium nitrate,initial,none,single-stage,white,BG11,LED,1.83,Chlorella sp
LB,mixotrophic,stationary,1,28,100,0,16,15,0.04,yes,0.248045,0.00712,0.009065,0.003906,0,0.017955,0.009815,0.000642,0.00001,0.00002,0,0.001,0,,batch,0,yes,photoautotrophic,"sodium carbonate, carbon dioxide",none,sodium nitrate,initial,none,single-stage,white,BG11,LED,1.83,Chlorella sp
HB,heterotrophic,log,"0,3",30,0,150,0,4,0,no,0.069281,0.227804,0,1.999933,0,0.480588,0,0.000402,0,0.00002,0,0.0002,0,5.8,batch,0,yes,photoheterotrophic,none,glucose,potassium nitrate,initial,"potassium hydroxide, phosphoric acid",single-stage,,mBM,,0.01,Chlorella sp
HB,heterotrophic,log,"0,3",30,0,150,0,10,0,no,0.346405,1.139018,0,9.999667,0,2.402938,0,0.002009,0,0.000102,0,0.001,0,6.5,batch,0,yes,photoheterotrophic,none,glucose,potassium nitrate,initial,"potassium hydroxide, phosphoric acid",single-stage,,mBM,,0.01,Chlorella sp
HB,heterotrophic,log,"0,1",30,0,300,0,4,0,no,0.346405,1.139018,0,9.999667,0,2.402938,0,0.002009,0,0.000102,0,0.001,0,6.5,batch,0,yes,photoheterotrophic,none,glucose,potassium nitrate,initial,"potassium hydroxide, phosphoric acid",single-stage,,mBM,,0.01,Chlorella sp
HB,heterotrophic,log,2,30,0,100,0,11,0.04,yes,0.346405,1.139018,0,9.999667,0,2.402938,0,0.002009,0,0.000102,0,0.001,0,6,repeated fed-batch,0,yes,photoheterotrophic,none,glucose,potassium nitrate,constant,"potassium hydroxide, phosphoric acid",single-stage,,mBM,,0.01,Chlorella sp
HB,photoautotrophic,log,"0,4",25,40,0,24,12,0.04,yes,0.124427,0.00712,0.002266,0.003906,0,0.017955,0.009815,0.000642,0.00001,0.00002,0,0.001,0,,batch,0,yes,photoautotrophic,"sodium carbonate, carbon dioxide",none,sodium nitrate,initial,none,single-stage,white,mBG11,fluorescent,0.1,Chlorella sp
HB,photoautotrophic,log,"0,4",25,200,0,24,12,0.04,yes,0.124427,0.00712,0.002266,0.003906,0,0.017955,0.009815,0.000642,0.00001,0.00002,0,0.001,0,,batch,0,yes,photoautotrophic,"sodium carbonate, carbon dioxide",none,sodium nitrate,initial,none,single-stage,white,mBG11,fluorescent,0.1,Chlorella sp
HB,photoautotrophic,log,"0,4",25,400,0,24,12,0.04,yes,0.124427,0.00712,0.002266,0.003906,0,0.017955,0.009815,0.000642,0.00001,0.00002,0,0.001,0,,batch,0,yes,photoautotrophic,"sodium carbonate, carbon dioxide",none,sodium nitrate,initial,none,single-stage,white,mBG11,fluorescent,0.1,Chlorella sp
HB,photoautotrophic,log,,28,50,0,24,16,0,no,0.041253,0.053215,0.643332,0,0.000983,0.105534,0.000682,0.001,0.000099,0.0004,0,0.05,0,,batch,0,yes,photoautotrophic,"sodium carbonate, carbon dioxide",none,sodium nitrate,initial,none,single-stage,,BBM,,0.01,Chlorella sp
HB,photoautotrophic,log,,28,50,0,24,16,0,no,0.02065,0.053215,0.643332,0,0.000983,0.105534,0.000682,0.001,0.000099,0.0004,0,0.05,0,,batch,0,yes,photoautotrophic,"sodium carbonate, carbon dioxide",none,sodium nitrate,initial,none,single-stage,,mBBM,,0.01,Chlorella sp
HB,photoautotrophic,log,,38,250,0,24,6,0,no,0.041253,0.053215,0.643332,0,0.000983,0.105534,0.000682,0.001,0.000099,0.0004,0,0.05,0,,batch,0,yes,photoautotrophic,"sodium carbonate, carbon dioxide",none,sodium nitrate,initial,none,single-stage,,BBM,,0.01,Chlorella sp
HB,photoautotrophic,log,,38,250,0,24,6,0,no,0.02065,0.053215,0.643332,0,0.000983,0.105534,0.000682,0.001,0.000099,0.0004,0,0.05,0,,batch,0,yes,photoautotrophic,"sodium carbonate, carbon dioxide",none,sodium nitrate,initial,none,single-stage,,mBBM,,0.01,Chlorella sp
HB,photoautotrophic,log,,28,50,0,24,16,0,no,0.041253,0.053215,0.643332,0,0.000983,0.105534,0.000682,0.001,0.000099,0.0004,0,0.05,0,9,batch,0,yes,photoautotrophic,"sodium carbonate, carbon dioxide",none,sodium nitrate,constant,"hydrogen chloride, sodium hydroxide",single-stage,daylight,BBM,sun,0.01,Chlorella sp
HB,photoautotrophic,log,,28,50,0,24,16,0,no,0.041253,0.053215,0.643332,0,0.000983,0.105534,0.000682,0.001,0.000099,0.0004,0,0.05,0,11,batch,0,yes,photoautotrophic,"sodium carbonate, carbon dioxide",none,sodium nitrate,constant,"hydrogen chloride, sodium hydroxide",single-stage,daylight,BBM,sun,0.01,Chlorella sp
LB,photoautotrophic,stationary,0.9,21.5,,0,16,19,0.04,yes,0.24804,0.00712,0.002266,0.001656,0,0.017955,0.007361,0.000642,0,0.00002,0,0,0,7.5,batch,0.001,yes,photoautotrophic,"sodium carbonate, carbon dioxide",none,sodium nitrate,initial,none,single-stage,,BG11,,0.01,Chlorella sp
LB,photoautotrophic,stationary,0.9,21.5,,0,16,19,0.04,yes,0.035861,0.00712,0.002266,0.001656,0,0.115792,0.007361,0.000642,0,0.00002,0,0,0,7.5,batch,0.001,yes,photoautotrophic,"sodium carbonate, carbon dioxide",none,potassium nitrate,initial,none,single-stage,,mBG11,,0.01,Chlorella sp
LB,photoautotrophic,stationary,0.9,21.5,,0,16,19,0.04,yes,0.071471,0.00712,0.002266,0.001656,0,0.215175,0.007361,0.000642,0,0.00002,0,0,0,7.5,batch,0.001,yes,photoautotrophic,"sodium carbonate, carbon dioxide",none,potassium nitrate,initial,none,single-stage,,mBG11,,0.01,Chlorella sp
LB,photoautotrophic,stationary,0.9,21.5,,0,16,19,0.04,yes,0.105835,0.00712,0.002266,0.001656,0,0.311079,0.007361,0.000642,0,0.00002,0,0,0,7.5,batch,0.001,yes,photoautotrophic,"sodium carbonate, carbon dioxide",none,potassium nitrate,initial,none,single-stage,,mBG11,,0.01,Chlorella sp
LB,photoautotrophic,stationary,0.9,21.5,,0,16,19,0.04,yes,0.140891,0.00712,0.002266,0.001656,0,0.408916,0.007361,0.000642,0,0.00002,0,0,0,7.5,batch,0.001,yes,photoautotrophic,"sodium carbonate, carbon dioxide",none,potassium nitrate,initial,none,single-stage,,mBG11,,0.01,Chlorella sp
LB,photoautotrophic,stationary,0.9,21.5,,0,16,19,0.04,yes,0.175947,0.00712,0.002266,0.001656,0,0.506753,0.007361,0.000642,0,0.00002,0,0,0,7.5,batch,0.001,yes,photoautotrophic,"sodium carbonate, carbon dioxide",none,potassium nitrate,initial,none,single-stage,,mBG11,,0.01,Chlorella sp
LB,photoautotrophic,stationary,0.9,21.5,,0,16,19,0.04,yes,0.070782,0.00712,0.002266,0.03165,0,0.017955,0.007361,0.000642,0,0.00002,0,0,0,7.5,batch,0.001,yes,photoautotrophic,"sodium carbonate, carbon dioxide",none,urea,initial,none,single-stage,,mBG11,,0.01,Chlorella sp
LB,photoautotrophic,stationary,0.9,21.5,,0,16,19,0.04,yes,0.14076,0.00712,0.002266,0.061644,0,0.017955,0.007361,0.000642,0,0.00002,0,0,0,7.5,batch,0.001,yes,photoautotrophic,"sodium carbonate, carbon dioxide",none,urea,initial,none,single-stage,,mBG11,,0.01,Chlorella sp
LB,photoautotrophic,stationary,0.9,21.5,,0,16,19,0.04,yes,0.210738,0.00712,0.002266,0.091638,0,0.017955,0.007361,0.000642,0,0.00002,0,0,0,7.5,batch,0.001,yes,photoautotrophic,"sodium carbonate, carbon dioxide",none,urea,initial,none,single-stage,,mBG11,,0.01,Chlorella sp
LB,photoautotrophic,stationary,0.9,21.5,,0,16,19,0.04,yes,0.281182,0.00712,0.002266,0.121832,0,0.017955,0.007361,0.000642,0,0.00002,0,0,0,7.5,batch,0.001,yes,photoautotrophic,"sodium carbonate, carbon dioxide",none,urea,initial,none,single-stage,,mBG11,,0.01,Chlorella sp
LB,photoautotrophic,stationary,0.9,21.5,,0,16,19,0.04,yes,0.350693,0.00712,0.002266,0.151626,0,0.017955,0.007361,0.000642,0,0.00002,0,0,0,7.5,batch,0.001,yes,photoautotrophic,"sodium carbonate, carbon dioxide",none,urea,initial,none,single-stage,,mBG11,,0.01,Chlorella sp
LB,photoautotrophic,stationary,0.9,21.5,,0,16,19,0.04,yes,0.070812,0.00712,0.002266,0.001656,0,0.017955,0.007361,0.000642,0,0.00002,0,0,0,7.5,batch,0.001,yes,photoautotrophic,"sodium carbonate, carbon dioxide",none,calcium nitrate,initial,none,single-stage,,mBG11,,0.01,Chlorella sp
LB,photoautotrophic,stationary,0.9,21.5,,0,16,19,0.04,yes,0.14099,0.00712,0.002266,0.001656,0,0.017955,0.007361,0.000642,0,0.00002,0,0,0,7.5,batch,0.001,yes,photoautotrophic,"sodium carbonate, carbon dioxide",none,calcium nitrate,initial,none,single-stage,,mBG11,,0.01,Chlorella sp
LB,photoautotrophic,stationary,0.9,21.5,,0,16,19,0.04,yes,0.210827,0.00712,0.002266,0.001656,0,0.017955,0.007361,0.000642,0,0.00002,0,0,0,7.5,batch,0.001,yes,photoautotrophic,"sodium carbonate, carbon dioxide",none,calcium nitrate,initial,none,single-stage,,mBG11,,0.01,Chlorella sp
LB,photoautotrophic,stationary,0.9,21.5,,0,16,19,0.04,yes,0.281005,0.00712,0.002266,0.001656,0,0.017955,0.007361,0.000642,0,0.00002,0,0,0,7.5,batch,0.001,yes,photoautotrophic,"sodium carbonate, carbon dioxide",none,calcium nitrate,initial,none,single-stage,,mBG11,,0.01,Chlorella sp
LB,photoautotrophic,stationary,0.9,21.5,,0,16,19,0.04,yes,0.350841,0.00712,0.002266,0.001656,0,0.017955,0.007361,0.000642,0,0.00002,0,0,0,7.5,batch,0.001,yes,photoautotrophic,"sodium carbonate, carbon dioxide",none,calcium nitrate,initial,none,single-stage,,mBG11,,0.01,Chlorella sp
LB,photoautotrophic,stationary,0.9,21.5,,0,16,19,0.04,yes,0.035901,0.00712,0.002266,0.001656,0,0.017955,0.007361,0.000642,0,0.00002,0,0,0,7.5,batch,0.001,yes,photoautotrophic,"sodium carbonate, carbon dioxide",none,ammonium chloride,initial,none,single-stage,,mBG11,,0.01,Chlorella sp
LB,photoautotrophic,stationary,0.9,21.5,,0,16,19,0.04,yes,0.070996,0.00712,0.002266,0.001656,0,0.017955,0.007361,0.000642,0,0.00002,0,0,0,7.5,batch,0.001,yes,photoautotrophic,"sodium carbonate, carbon dioxide",none,ammonium chloride,initial,none,single-stage,,mBG11,,0.01,Chlorella sp
LB,photoautotrophic,stationary,0.9,21.5,,0,16,19,0.04,yes,0.10583,0.00712,0.002266,0.001656,0,0.017955,0.007361,0.000642,0,0.00002,0,0,0,7.5,batch,0.001,yes,photoautotrophic,"sodium carbonate, carbon dioxide",none,ammonium chloride,initial,none,single-stage,,mBG11,,0.01,Chlorella sp
LB,photoautotrophic,stationary,0.9,21.5,,0,16,19,0.04,yes,0.140926,0.00712,0.002266,0.001656,0,0.017955,0.007361,0.000642,0,0.00002,0,0,0,7.5,batch,0.001,yes,photoautotrophic,"sodium carbonate, carbon dioxide",none,ammonium chloride,initial,none,single-stage,,mBG11,,0.01,Chlorella sp
LB,photoautotrophic,stationary,0.9,21.5,,0,16,19,0.04,yes,0.176021,0.00712,0.002266,0.001656,0,0.017955,0.007361,0.000642,0,0.00002,0,0,0,7.5,batch,0.001,yes,photoautotrophic,"sodium carbonate, carbon dioxide",none,ammonium chloride,initial,none,single-stage,,mBG11,,0.01,Chlorella sp
LB,photoautotrophic,stationary,0.9,21.5,,0,16,19,0.04,yes,0.03583,0.00712,0.002266,0.001656,0,0.017955,0.007361,0.000642,0,0.00002,0,0,0,7.5,batch,0.001,yes,photoautotrophic,"sodium carbonate, carbon dioxide",none,sodium nitrate,initial,none,single-stage,,mBG11,,0.01,Chlorella sp
LB,photoautotrophic,stationary,0.9,21.5,,0,16,19,0.04,yes,0.070855,0.00712,0.002266,0.001656,0,0.017955,0.007361,0.000642,0,0.00002,0,0,0,7.5,batch,0.001,yes,photoautotrophic,"sodium carbonate, carbon dioxide",none,sodium nitrate,initial,none,single-stage,,mBG11,,0.01,Chlorella sp
LB,photoautotrophic,stationary,0.9,21.5,,0,16,19,0.04,yes,0.105797,0.00712,0.002266,0.001656,0,0.017955,0.007361,0.000642,0,0.00002,0,0,0,7.5,batch,0.001,yes,photoautotrophic,"sodium carbonate, carbon dioxide",none,sodium nitrate,initial,none,single-stage,,mBG11,,0.01,Chlorella sp
LB,photoautotrophic,stationary,0.9,21.5,,0,16,19,0.04,yes,0.140905,0.00712,0.002266,0.001656,0,0.017955,0.007361,0.000642,0,0.00002,0,0,0,7.5,batch,0.001,yes,photoautotrophic,"sodium carbonate, carbon dioxide",none,sodium nitrate,initial,none,single-stage,,mBG11,,0.01,Chlorella sp
LB,photoautotrophic,stationary,0.9,21.5,,0,16,19,0.04,yes,0.175518,0.00712,0.002266,0.001656,0,0.017955,0.007361,0.000642,0,0.00002,0,0,0,7.5,batch,0.001,yes,photoautotrophic,"sodium carbonate, carbon dioxide",none,sodium nitrate,initial,none,single-stage,,mBG11,,0.01,Chlorella sp
HB,photoautotrophic,stationary,0.9,21.5,,0,16,19,0.04,yes,0.000013,0.003652,0.001133,0,0,0.003652,0,0,0.000028,0.000025,0,0,0,7.5,batch,0,no,photoautotrophic,"sodium carbonate, carbon dioxide",none,none,initial,none,single-stage,,CHU-10,,0.01,Chlorella sp
HB,photoautotrophic,stationary,0.9,21.5,,0,16,19,0.04,yes,0.041253,0.053215,0,0,0.000983,0.105534,0.000682,0.001,0.000099,0.0004,0,0.05,0,7.5,batch,0.05,yes,photoautotrophic,carbon dioxide,none,sodium nitrate,initial,none,single-stage,,BBM,,0.01,Chlorella sp
HB,photoautotrophic,stationary,0.9,21.5,,0,16,19,0.04,yes,0.123618,0,0,0,0,0.003038,0,0,0.000002,0.001975,0,0,0,7.5,batch,0,no,photoautotrophic,carbon dioxide,none,sodium nitrate,initial,none,single-stage,,F/2,,0.01,Chlorella sp
LB,photoautotrophic,log,1.5,25,60,0,24,7,0.04,yes,0.015047,0.001958,0.001133,0,0,0.004937,0.004907,0,0.00001,0.00002,0,0.0005,0,,batch,0,yes,photoautotrophic,"sodium carbonate, carbon dioxide",none,sodium nitrate,initial,none,single-stage,,mBG11,,0.01,Chlorella sp
LB,heterotrophic,log,1.5,25,0,0,0,7,0.04,yes,0.015047,0.001958,0.001133,4.0011,0,0.004937,0.004907,0,0.00001,0.00002,0,0.0005,0,,batch,0,yes,photoautotrophic,"sodium carbonate, carbon dioxide",glucose,sodium nitrate,initial,none,single-stage,no-color,mBG11,no-lamp,0.01,Chlorella sp
LB,photoautotrophic,log,1.5,25,60,0,24,7,0.04,yes,0.015047,0.001958,0.001133,0,0,0.004937,0.004907,0,0.00001,0.00002,0,0.0005,0,,repeated fed-batch,0,yes,photoautotrophic,"sodium carbonate, carbon dioxide",none,sodium nitrate,initial,none,single-stage,,mBG11,,0.01,Chlorella sp
LB,photoautotrophic,stationary,1.5,25,60,0,24,12,0.04,yes,0.015047,0.001958,0.001133,0,0,0.004937,0.004907,0,0.00001,0.00002,0,0.0005,0,,batch,0,yes,photoautotrophic,"sodium carbonate, carbon dioxide",none,sodium nitrate,initial,none,single-stage,,mBG11,,0.01,Chlorella sp
LB,heterotrophic,stationary,1.5,25,0,0,0,12,0.04,yes,0.015047,0.001958,0.001133,4.0011,0,0.004937,0.004907,0,0.00001,0.00002,0,0.0005,0,,batch,0,yes,photoautotrophic,"sodium carbonate, carbon dioxide",glucose,sodium nitrate,initial,none,single-stage,no-color,mBG11,no-lamp,0.01,Chlorella sp
LB,photoautotrophic,stationary,1.5,25,60,0,24,12,0.04,yes,0.015047,0.001958,0.001133,0,0,0.004937,0.004907,0,0.00001,0.00002,0,0.0005,0,,repeated fed-batch,0,yes,photoautotrophic,"sodium carbonate, carbon dioxide",none,sodium nitrate,initial,none,single-stage,,mBG11,,0.01,Chlorella sp
LB,photoautotrophic,stationary,0.8,21.5,40,0,16,18,0,no,0.24724,0.00712,0,0,0,0.017955,0.009815,0,0.00001,0.00002,0,0,0,8.7,batch,0,yes,photoautotrophic,none,none,sodium nitrate,initial,none,single-stage,white,BG11,fluorescent,0.01,Chlorella sp
LB,photoautotrophic,stationary,0.8,21.5,40,0,16,18,0,no,0.24724,0.00712,0,0,2.337,0.017955,0.009815,0,0.00001,0.00002,0.01,0,0,8.7,batch,0,yes,photoautotrophic,none,none,sodium nitrate,initial,none,single-stage,white,mBG11,fluorescent,0.01,Chlorella sp
LB,photoautotrophic,stationary,0.8,21.5,40,0,16,18,0,no,0.24724,0.00712,0,0,4.675,0.017955,0.009815,0,0.00001,0.00002,0.01,0,0,8.7,batch,0,yes,photoautotrophic,none,none,sodium nitrate,initial,none,single-stage,white,mBG11,fluorescent,0.01,Chlorella sp
LB,photoautotrophic,stationary,0.8,21.5,40,0,16,18,0,no,0.24724,0.00712,0,0,9.3504,0.017955,0.009815,0,0.00001,0.00002,0.01,0,0,8.7,batch,0,yes,photoautotrophic,none,none,sodium nitrate,initial,none,single-stage,white,mBG11,fluorescent,0.01,Chlorella sp
LB,photoautotrophic,stationary,0.8,21.5,40,0,16,18,0,no,0.24724,0.00712,0,0,18.701,0.017955,0.009815,0,0.00001,0.00002,0.01,0,0,8.7,batch,0,yes,photoautotrophic,none,none,sodium nitrate,initial,none,single-stage,white,mBG11,fluorescent,0.01,Chlorella sp
LB,photoautotrophic,stationary,0.8,21.5,40,0,16,18,0,no,0.003301,0.00178,0.002266,0,0,0.004489,0.017148,0.000275,0.000002,0.000051,0.01,0,0,8.7,batch,0,yes,photoautotrophic,sodium carbonate,none,sodium nitrate,initial,none,single-stage,white,CHU-10,fluorescent,0.01,Chlorella sp
LB,photoautotrophic,stationary,0.8,21.5,40,0,16,18,0,no,0.003301,0.00178,0.002266,0,2.337,0.004489,0.017148,0.000275,0.000002,0.000051,0.01,0,0,8.7,batch,0,yes,photoautotrophic,sodium carbonate,none,sodium nitrate,initial,none,single-stage,white,mCHU-10,fluorescent,0.01,Chlorella sp
LB,photoautotrophic,stationary,0.8,21.5,40,0,16,18,0,no,0.003301,0.00178,0.002266,0,4.675,0.004489,0.017148,0.000275,0.000002,0.000051,0.01,0,0,8.7,batch,0,yes,photoautotrophic,sodium carbonate,none,sodium nitrate,initial,none,single-stage,white,mCHU-10,fluorescent,0.01,Chlorella sp
LB,photoautotrophic,stationary,0.8,21.5,40,0,16,18,0,no,0.003301,0.00178,0.002266,0,9.3504,0.004489,0.017148,0.000275,0.000002,0.000051,0.01,0,0,8.7,batch,0,yes,photoautotrophic,sodium carbonate,none,sodium nitrate,initial,none,single-stage,white,mCHU-10,fluorescent,0.01,Chlorella sp
LB,photoautotrophic,stationary,0.8,21.5,40,0,16,18,0,no,0.003301,0.00178,0.002266,0,18.701,0.004489,0.017148,0.000275,0.000002,0.000051,0.01,0,0,8.7,batch,0,yes,photoautotrophic,sodium carbonate,none,sodium nitrate,initial,none,single-stage,white,mCHU-10,fluorescent,0.01,Chlorella sp
HB,photoautotrophic,stationary,4,23,82.62,0,24,7,0.04,yes,0.062618,0.00712,0.002266,0.003906,0,0.017955,0.009815,0.000642,0.00001,0.00002,0,0.001,0,,batch,0,yes,photoautotrophic,"sodium carbonate, carbon dioxide",none,sodium nitrate,initial,none,single-stage,,mBG11,,1.4,Chlorella sp
HB,photoautotrophic,stationary,4,23,82.62,0,24,7,0.04,yes,0.031467,0.00712,0.002266,0.003906,0,0.017955,0.009815,0.000642,0.00001,0.00002,0,0.001,0,,batch,0,yes,photoautotrophic,"sodium carbonate, carbon dioxide",none,sodium nitrate,initial,none,single-stage,,mBG11,,0.5,Chlorella sp
LB,photoautotrophic,stationary,4,23,82.62,0,24,7,0.04,yes,0.016303,0.00712,0.002266,0.003906,0,0.017955,0.009815,0.000642,0.00001,0.00002,0,0.001,0,,batch,0,yes,photoautotrophic,"sodium carbonate, carbon dioxide",none,sodium nitrate,initial,none,single-stage,,mBG11,,0.08,Chlorella sp
HB,photoautotrophic,stationary,4,23,82.62,0,24,7,0.04,yes,0.008556,0.00712,0.002266,0.003906,0,0.017955,0.009815,0.000642,0.00001,0.00002,0,0.001,0,,batch,0,yes,photoautotrophic,"sodium carbonate, carbon dioxide",none,sodium nitrate,initial,none,single-stage,,mBG11,,0.2,Chlorella sp
HB,photoautotrophic,stationary,4,23,82.62,0,24,7,0.04,yes,0.0046,0.00712,0.002266,0.003906,0,0.017955,0.009815,0.000642,0.00001,0.00002,0,0.001,0,,batch,0,yes,photoautotrophic,"sodium carbonate, carbon dioxide",none,sodium nitrate,initial,none,single-stage,,mBG11,,0.18,Chlorella sp
LB,photoautotrophic,stationary,4,23,82.62,0,24,7,0.04,yes,0.00081,0.00712,0.002266,0.003906,0,0.017955,0.009815,0.000642,0.00001,0.00002,0,0.001,0,,batch,0,yes,photoautotrophic,"sodium carbonate, carbon dioxide",none,none,initial,none,single-stage,,mBG11,,0.01,Chlorella sp
HB,photoautotrophic,stationary,1,27,60,300,12,7,3,yes,0.116186,0.00712,0.002266,0.003906,0,0.017955,0.008179,0.000642,0.00001,0.000025,0,0.0006,0,7.5,batch,0,yes,photoautotrophic,"sodium carbonate, carbon dioxide",none,sodium nitrate,initial,none,single-stage,,mBG11,,0.3,Chlorella vulgaris
HB,photoautotrophic,stationary,1,27,60,300,12,7,3,yes,0.379904,0.00712,0.002266,0.003906,0,0.017955,0.008179,0.000642,0.00001,0.000025,0,0.0006,0,7.5,batch,0,yes,photoautotrophic,"sodium carbonate, carbon dioxide",none,sodium nitrate,initial,none,single-stage,,mBG11,,0.3,Chlorella vulgaris
HB,photoautotrophic,stationary,1,27,60,300,12,7,12,yes,0.116186,0.00712,0.002266,0.003906,0,0.017955,0.008179,0.000642,0.00001,0.000025,0,0.0006,0,7.5,batch,0,yes,photoautotrophic,"sodium carbonate, carbon dioxide",none,sodium nitrate,initial,none,single-stage,,mBG11,,0.3,Chlorella vulgaris
HB,photoautotrophic,stationary,1,27,60,300,12,7,12,yes,0.379904,0.00712,0.002266,0.003906,0,0.017955,0.008179,0.000642,0.00001,0.000025,0,0.0006,0,7.5,batch,0,yes,photoautotrophic,"sodium carbonate, carbon dioxide",none,sodium nitrate,initial,none,single-stage,,mBG11,,0.3,Chlorella vulgaris
HB,photoautotrophic,stationary,1,27,120,300,12,7,3,yes,0.116186,0.00712,0.002266,0.003906,0,0.017955,0.008179,0.000642,0.00001,0.000025,0,0.0006,0,7.5,batch,0,yes,photoautotrophic,"sodium carbonate, carbon dioxide",none,sodium nitrate,initial,none,single-stage,,mBG11,,0.3,Chlorella vulgaris
HB,photoautotrophic,stationary,1,27,120,300,12,7,3,yes,0.379904,0.00712,0.002266,0.003906,0,0.017955,0.008179,0.000642,0.00001,0.000025,0,0.0006,0,7.5,batch,0,yes,photoautotrophic,"sodium carbonate, carbon dioxide",none,sodium nitrate,initial,none,single-stage,,mBG11,,0.3,Chlorella vulgaris
HB,photoautotrophic,stationary,1,27,120,300,12,7,12,yes,0.116186,0.00712,0.002266,0.003906,0,0.017955,0.008179,0.000642,0.00001,0.000025,0,0.0006,0,7.5,batch,0,yes,photoautotrophic,"sodium carbonate, carbon dioxide",none,sodium nitrate,initial,none,single-stage,,mBG11,,0.3,Chlorella vulgaris
HB,photoautotrophic,stationary,1,27,120,300,12,7,12,yes,0.379904,0.00712,0.002266,0.003906,0,0.017955,0.008179,0.000642,0.00001,0.000025,0,0.0006,0,7.5,batch,0,yes,photoautotrophic,"sodium carbonate, carbon dioxide",none,sodium nitrate,initial,none,single-stage,,mBG11,,0.3,Chlorella vulgaris
HB,photoautotrophic,stationary,1,27,90,300,12,7,7.5,yes,0.248045,0.00712,0.002266,0.003906,0,0.017955,0.008179,0.000642,0.00001,0.000025,0,0.0006,0,7.5,batch,0,yes,photoautotrophic,"sodium carbonate, carbon dioxide",none,sodium nitrate,initial,none,single-stage,,BG11,,0.3,Chlorella vulgaris
HB,photoautotrophic,stationary,1,27,90,300,12,7,7.5,yes,0.248045,0.00712,0.002266,0.003906,0,0.017955,0.008179,0.000642,0.00001,0.000025,0,0.0006,0,7.5,batch,0,yes,photoautotrophic,"sodium carbonate, carbon dioxide",none,sodium nitrate,initial,none,single-stage,,BG11,,0.3,Chlorella vulgaris
HB,photoautotrophic,stationary,1,27,90,300,12,7,7.5,yes,0.248045,0.00712,0.002266,0.003906,0,0.017955,0.008179,0.000642,0.00001,0.000025,0,0.0006,0,7.5,batch,0,yes,photoautotrophic,"sodium carbonate, carbon dioxide",none,sodium nitrate,initial,none,single-stage,,BG11,,0.3,Chlorella vulgaris
HB,photoautotrophic,stationary,1,27,90,300,12,7,0,no,0.248045,0.00712,0.002266,0.003906,0,0.017955,0.008179,0.000642,0.00001,0.000025,0,0.0006,0,7.5,batch,0,yes,photoautotrophic,sodium carbonate,none,sodium nitrate,initial,none,single-stage,,BG11,,0.3,Chlorella vulgaris
HB,photoautotrophic,stationary,1,27,90,300,12,7,7.5,yes,0.026522,0.00712,0.002266,0.003906,0,0.017955,0.008179,0.000642,0.00001,0.000025,0,0.0006,0,7.5,batch,0,yes,photoautotrophic,"sodium carbonate, carbon dioxide",none,sodium nitrate,initial,none,single-stage,,mBG11,,0.3,Chlorella vulgaris
LB,photoautotrophic,stationary,1,27,51.88,0,12,14,0.03,yes,0.24724,0.00712,0.002266,0,0,0.017955,0.009815,0,0.00001,0.00002,0,0.001,0,,batch,0,yes,photoautotrophic,"sodium carbonate, carbon dioxide",none,sodium nitrate,initial,none,single-stage,,BG11,,0.1,Chlorella vulgaris
HB,photoautotrophic,stationary,1,27,51.88,0,12,14,5,yes,0.24724,0.00712,0.002266,0,0,0.017955,0.009815,0,0.00001,0.00002,0,0.001,0,,batch,0,yes,photoautotrophic,"sodium carbonate, carbon dioxide",none,sodium nitrate,initial,none,single-stage,,BG11,,0.1,Chlorella vulgaris
HB,photoautotrophic,stationary,1,27,51.88,0,12,14,10,yes,0.24724,0.00712,0.002266,0,0,0.017955,0.009815,0,0.00001,0.00002,0,0.001,0,,batch,0,yes,photoautotrophic,"sodium carbonate, carbon dioxide",none,sodium nitrate,initial,none,single-stage,,BG11,,0.1,Chlorella vulgaris
HB,photoautotrophic,stationary,1,27,51.88,0,12,14,15,yes,0.24724,0.00712,0.002266,0,0,0.017955,0.009815,0,0.00001,0.00002,0,0.001,0,,batch,0,yes,photoautotrophic,"sodium carbonate, carbon dioxide",none,sodium nitrate,initial,none,single-stage,,BG11,,0.1,Chlorella vulgaris
LB,photoautotrophic,log,1,28,96,0,12,12,0.04,yes,0.041253,0.053215,0,0,0.025,0.105534,0.006816,0.001,0.000099,0.0004,0,0.05,0,8,batch,0,yes,photoautotrophic,carbon dioxide,none,sodium nitrate,initial,none,single-stage,,BBM,fluorescent,0.01,Chlorella vulgaris
LB,mixotrophic,log,1,28,96,0,12,12,0.04,yes,0.041253,0.053215,0,0.292805,0.025,0.105534,0.006816,0.001,0.000099,0.0004,0,0.05,0,8,batch,0,yes,photoautotrophic,carbon dioxide,sodium acetate,sodium nitrate,initial,none,single-stage,,mBBM,fluorescent,0.01,Chlorella vulgaris
LB,mixotrophic,log,1,28,96,0,12,12,0.04,yes,0.1196,0.1196,0,0.292805,0,0.0598,0,0,0,0,0,0,0,8,batch,0,yes,photoautotrophic,carbon dioxide,sodium acetate,sodium nitrate,initial,none,single-stage,,NPKAC1,fluorescent,0.01,Chlorella vulgaris
LB,mixotrophic,log,1,28,96,0,12,12,0.04,yes,0.1196,0.1794,0,0.292805,0,0.0598,0,0,0,0,0,0,0,8,batch,0,yes,photoautotrophic,carbon dioxide,sodium acetate,sodium nitrate,initial,none,single-stage,,NPKAC2,fluorescent,0.01,Chlorella vulgaris
HB,photoautotrophic,log,0.5,23,68,0,16,16,0,no,0.041253,0.053215,0,0,0.025,0.105534,0.006816,0.001,0.000099,0.0004,0,0.05,0,,batch,0,yes,photoautotrophic,none,none,sodium nitrate,initial,none,single-stage,white,BBM,fluorescent,0.01,Chlorella emersoni
HB,photoautotrophic,stationary,1,21,40,0,24,18,0.04,yes,0.24724,0.00712,0.002266,0,0,0.017955,0.009815,0,0.00001,0.00002,0,0.001,0,,batch,0,yes,photoautotrophic,"sodium carbonate, carbon dioxide",none,sodium nitrate,initial,none,single-stage,,BG11,fluorescent,0.06,Chlorella sp
LB,photoautotrophic,stationary,1.8,23.5,149.5,0,24,30,5.04,yes,0.248045,0.00712,0.002266,0.003906,0,0.017955,0.009815,0.000642,0.00001,0.00002,0,0.001,0,7.5,batch,0,yes,photoautotrophic,"sodium carbonate, carbon dioxide",none,sodium nitrate,initial,hydrogen chloride,single-stage,daylight,BG11,fluorescent,0.1,Chlorella vulgaris
LB,photoautotrophic,stationary,1.8,23.5,149.5,0,24,30,5.04,yes,0.248045,0.00712,0.003586,0.003906,0,0.031455,0.025315,0.000642,0.00001,0.00002,0,0.001,0,7.5,batch,0,yes,photoautotrophic,"sodium carbonate, carbon dioxide",none,sodium nitrate,initial,hydrogen chloride,single-stage,daylight,mBG11,fluorescent,0.1,Chlorella vulgaris
HB,photoautotrophic,stationary,1.8,23.5,149.5,0,24,30,5.04,yes,0.248045,0.00712,0.002926,0.003906,0,0.024705,0.017565,0.000642,0.00001,0.00002,0,0.001,0,7.5,batch,0,yes,photoautotrophic,"sodium carbonate, carbon dioxide",none,sodium nitrate,initial,hydrogen chloride,single-stage,daylight,mBG11,fluorescent,0.1,Chlorella vulgaris
LB,photoautotrophic,stationary,1.8,23.5,149.5,0,24,30,5.04,yes,0.248045,0.00712,0.003586,0.003906,0,0.031455,0.025315,0.000642,0.00001,0.00002,0,0.001,0,7.5,batch,0,yes,photoautotrophic,"sodium carbonate, carbon dioxide",none,sodium nitrate,initial,hydrogen chloride,single-stage,daylight,mBG11,fluorescent,0.1,Chlorella vulgaris
LB,photoautotrophic,stationary,1.8,23.5,149.5,0,12,30,5.04,yes,0.248045,0.00712,0.003586,0.003906,0,0.031455,0.025315,0.000642,0.00001,0.00002,0,0.001,0,7.5,batch,0,yes,photoautotrophic,"sodium carbonate, carbon dioxide",none,sodium nitrate,initial,hydrogen chloride,single-stage,daylight,mBG11,fluorescent,0.1,Chlorella vulgaris
LB,photoautotrophic,stationary,0.1,25,75,0,14,21,0,no,0.138562,0.014457,0,0,0,0.386708,0.002726,0,0.000006,0.000001,0,0,0.001,6.8,batch,0,yes,photoautotrophic,none,none,potassium nitrate,initial,hydrogen chloride,single-stage,,N-11,,0.2,Chlorella vulgaris
LB,photoautotrophic,stationary,0.1,25,75,0,14,7,0,no,0,0.014457,0,0,0,0,0.002726,0,0.000006,0.000001,0,0,0.001,6.8,batch,0,yes,photoautotrophic,none,none,none,initial,hydrogen chloride,single-stage,,mN-11,,0.2,Chlorella vulgaris
LB,photoautotrophic,stationary,0.1,25,75,0,14,30,0,no,0.001386,0.014457,0,0,0,0.003867,0.002726,0,0.000006,0.000001,0,0,0.001,6.8,repeated fed-batch,0,yes,photoautotrophic,none,none,potassium nitrate,initial,hydrogen chloride,single-stage,,mN-11,,0.2,Chlorella vulgaris
LB,photoautotrophic,stationary,0.1,28,100,160,24,7,0.04,yes,0.247841,0,0,0.002526,0,0,0.009815,0.000107,0.000992,0.00002,0,0,0,,batch,0,yes,photoautotrophic,carbon dioxide,none,sodium nitrate,initial,none,single-stage,,mBM,,1.1,Chlorella vulgaris
HB,mixotrophic,stationary,0.1,28,100,160,24,6,10.04,yes,0.247841,0,0,8.00226,0,0,0.009815,0.000107,0.000992,0.00002,0,0,0,,batch,0,yes,mixotrophic,carbon dioxide,glucose,sodium nitrate,initial,none,single-stage,,mBM,,1.1,Chlorella vulgaris
HB,heterotrophic,stationary,0.1,28,0,160,0,3,0,no,0.247841,0,0,12.002127,0,0,0.009815,0.000107,0.000992,0.00002,0,0,0,,batch,0,yes,heterotrophic,none,glucose,sodium nitrate,initial,none,single-stage,no-color,mBM,no-lamp,1.1,Chlorella vulgaris
HB,photoautotrophic,stationary,1,30,100,0,12,9,0,no,0.412059,0.088998,0,0,1,0.67316,0.010905,0.002009,0,0,0,0,0,9.5,batch,0,yes,photoautotrophic,none,none,sodium nitrate,initial,none,single-stage,,mZarrouck,,1,Chlorella variabilis
LB,photoautotrophic,stationary,1,30,100,0,12,9,0,no,0.412059,0.088998,2.401771,0,1,0.67316,0.010905,0.002009,0,0,0,0,0,8.7,batch,0,yes,photoautotrophic,sodium bicarbonate,none,sodium nitrate,initial,none,single-stage,,Zarrouck,,1,Chlorella variabilis
HB,photoautotrophic,stationary,1,30,100,0,12,9,0,no,0.197788,0.044499,0.714813,0,1,0.224398,0.010905,0.002009,0,0,0,0,0,8.4,batch,0,yes,photoautotrophic,sodium bicarbonate,none,sodium nitrate,initial,none,single-stage,,P2,,1,Chlorella variabilis
HB,photoautotrophic,stationary,1,30,100,0,12,9,0,no,1.083824,0.044499,0.75955,0,1,0.224398,0.010905,0.002009,0,0,0,0,0,7.8,batch,0,yes,photoautotrophic,ammonium bicarbonate,none,sodium nitrate,initial,none,single-stage,,mP2,,1,Chlorella variabilis
LB,photoautotrophic,stationary,0.15,25,60,0,24,16,0,no,0.001496,0.0315,0,0,0,0.028,0.013632,0.018079,0.007975,0.007991,0,0,0,,batch,0,yes,photoautotrophic,none,none,none,initial,none,single-stage,white,mTAP,fluorescent,0.2,Chlorella minutissima
LB,photoautotrophic,stationary,0.15,25,60,0,24,16,0,no,0.071535,0.0315,0,0,0,0.028,0.013632,0.018079,0.007975,0.007991,0,0,0,,batch,0,yes,photoautotrophic,none,none,sodium nitrate,initial,none,single-stage,white,mTAP,fluorescent,0.2,Chlorella minutissima
LB,photoautotrophic,stationary,0.15,25,60,0,24,16,0,no,0.141574,0.0315,0,0,0,0.028,0.013632,0.018079,0.007975,0.007991,0,0,0,,batch,0,yes,photoautotrophic,none,none,sodium nitrate,initial,none,single-stage,white,mTAP,fluorescent,0.2,Chlorella minutissima
LB,photoautotrophic,stationary,0.15,25,60,0,24,16,0,no,0.211612,0.0315,0,0,0,0.028,0.013632,0.018079,0.007975,0.007991,0,0,0,,batch,0,yes,photoautotrophic,none,none,sodium nitrate,initial,none,single-stage,white,mTAP,fluorescent,0.2,Chlorella minutissima
LB,photoautotrophic,stationary,0.15,25,60,0,24,16,0,no,0.281651,0.0315,0,0,0,0.028,0.013632,0.018079,0.007975,0.007991,0,0,0,,batch,0,yes,photoautotrophic,none,none,sodium nitrate,initial,none,single-stage,white,mTAP,fluorescent,0.2,Chlorella minutissima
LB,photoautotrophic,stationary,0.15,25,60,0,24,16,0,no,0.35169,0.0315,0,0,0,0.028,0.013632,0.018079,0.007975,0.007991,0,0,0,,batch,0,yes,photoautotrophic,none,none,sodium nitrate,initial,none,single-stage,white,mTAP,fluorescent,0.2,Chlorella minutissima
LB,photoautotrophic,stationary,0.15,25,60,0,24,16,0,no,0.063322,0,0,0,0,0.028,0.013632,0.018079,0.007975,0.007991,0,0,0,,batch,0,yes,photoautotrophic,none,none,sodium nitrate,initial,none,single-stage,white,mTAP,fluorescent,0.2,Chlorella minutissima
LB,photoautotrophic,stationary,0.15,25,60,0,24,16,0,no,0.063322,0.015,0,0,0,0.028,0.013632,0.018079,0.007975,0.007991,0,0,0,,batch,0,yes,photoautotrophic,none,none,sodium nitrate,initial,none,single-stage,white,mTAP,fluorescent,0.2,Chlorella minutissima
LB,photoautotrophic,stationary,0.15,25,60,0,24,16,0,no,0.063322,0.031,0,0,0,0.028,0.013632,0.018079,0.007975,0.007991,0,0,0,,batch,0,yes,photoautotrophic,none,none,sodium nitrate,initial,none,single-stage,white,mTAP,fluorescent,0.2,Chlorella minutissima
LB,photoautotrophic,stationary,0.15,25,60,0,24,16,0,no,0.063322,0.046,0,0,0,0.028,0.013632,0.018079,0.007975,0.007991,0,0,0,,batch,0,yes,photoautotrophic,none,none,sodium nitrate,initial,none,single-stage,white,mTAP,fluorescent,0.2,Chlorella minutissima
LB,photoautotrophic,stationary,0.15,25,60,0,24,16,0,no,0.063322,0.0619,0,0,0,0.028,0.013632,0.018079,0.007975,0.007991,0,0,0,,batch,0,yes,photoautotrophic,none,none,sodium nitrate,initial,none,single-stage,white,mTAP,fluorescent,0.2,Chlorella minutissima
LB,photoautotrophic,stationary,0.15,25,60,0,24,16,0,no,0.063322,0.077,0,0,0,0.028,0.013632,0.018079,0.007975,0.007991,0,0,0,,batch,0,yes,photoautotrophic,none,none,sodium nitrate,initial,none,single-stage,white,mTAP,fluorescent,0.2,Chlorella minutissima
LB,photoautotrophic,stationary,0.15,25,60,0,24,16,0,no,0.063322,0.093,0,0,0,0.028,0.013632,0.018079,0.007975,0.007991,0,0,0,,batch,0,yes,photoautotrophic,none,none,sodium nitrate,initial,none,single-stage,white,mTAP,fluorescent,0.2,Chlorella minutissima
LB,photoautotrophic,stationary,0.15,25,120,0,24,16,0,no,0.2473,0.03097,0,0,0,0.028,0.013632,0.018079,0.007975,0.007991,0,0,0,7,batch,0,yes,photoautotrophic,none,none,sodium nitrate,initial,none,single-stage,white,mTAP,fluorescent,0.2,Chlorella minutissima
LB,photoautotrophic,stationary,0.15,15,60,0,24,16,0,no,0.2473,0.03097,0,0,0,0.028,0.013632,0.018079,0.007975,0.007991,0,0,0,7,batch,0,yes,photoautotrophic,none,none,sodium nitrate,initial,none,single-stage,white,mTAP,fluorescent,0.2,Chlorella minutissima
LB,photoautotrophic,stationary,0.15,20,60,0,24,16,0,no,0.2473,0.03097,0,0,0,0.028,0.013632,0.018079,0.007975,0.007991,0,0,0,7,batch,0,yes,photoautotrophic,none,none,sodium nitrate,initial,none,single-stage,white,mTAP,fluorescent,0.2,Chlorella minutissima
LB,photoautotrophic,stationary,0.15,25,60,0,24,16,0,no,0.2473,0.03097,0,0,0,0.028,0.013632,0.018079,0.007975,0.007991,0,0,0,7,batch,0,yes,photoautotrophic,none,none,sodium nitrate,initial,none,single-stage,white,mTAP,fluorescent,0.2,Chlorella minutissima
LB,photoautotrophic,stationary,0.15,30,60,0,24,16,0,no,0.2473,0.03097,0,0,0,0.028,0.013632,0.018079,0.007975,0.007991,0,0,0,7,batch,0,yes,photoautotrophic,none,none,sodium nitrate,initial,none,single-stage,white,mTAP,fluorescent,0.2,Chlorella minutissima
LB,photoautotrophic,stationary,0.15,35,60,0,24,16,0,no,0.2473,0.03097,0,0,0,0.028,0.013632,0.018079,0.007975,0.007991,0,0,0,7,batch,0,yes,photoautotrophic,none,none,sodium nitrate,initial,none,single-stage,white,mTAP,fluorescent,0.2,Chlorella minutissima
LB,photoautotrophic,stationary,0.15,40,60,0,24,16,0,no,0.2473,0.03097,0,0,0,0.028,0.013632,0.018079,0.007975,0.007991,0,0,0,7,batch,0,yes,photoautotrophic,none,none,sodium nitrate,initial,none,single-stage,white,mTAP,fluorescent,0.2,Chlorella minutissima
HB,photoautotrophic,stationary,0.2,28,81,0,12,4,0.04,yes,0.041207,0.053215,0,0,0.025,0.083931,0.006816,0.001004,0.000002,0.000064,0.05,0,0,7,batch,0,yes,photoautotrophic,carbon dioxide,none,sodium nitrate,initial,none,single-stage,purple-pink,BBM,fluorescent,0.02,Chlorella vulgaris
HB,mixotrophic,stationary,0.2,28,81,0,12,2,0.04,yes,0.041207,0.053215,0,0.399987,0.025,0.083931,0.006816,0.001004,0.000002,0.000064,0.05,0,0,7,batch,0,yes,photoautotrophic,carbon dioxide,glucose,sodium nitrate,initial,none,single-stage,purple-pink,mBBM,fluorescent,0.02,Chlorella vulgaris
HB,mixotrophic,stationary,0.2,28,81,0,12,2,0.04,yes,0.041207,0.053215,0,0.399987,0.0625,0.083931,0.006816,0.001004,0.000002,0.000064,0.05,0,0,7,batch,0,yes,photoautotrophic,carbon dioxide,glucose,sodium nitrate,initial,none,single-stage,purple-pink,mBBM,fluorescent,0.02,Chlorella vulgaris
HB,mixotrophic,stationary,0.2,28,81,0,12,2,0.04,yes,0.041207,0.053215,0,0.399987,0.125,0.083931,0.006816,0.001004,0.000002,0.000064,0.05,0,0,7,batch,0,yes,photoautotrophic,carbon dioxide,glucose,sodium nitrate,initial,none,single-stage,purple-pink,mBBM,fluorescent,0.02,Chlorella vulgaris
HB,mixotrophic,stationary,0.2,28,81,0,12,2,0.04,yes,0.041207,0.053215,0,0.399987,0.187,0.083931,0.006816,0.001004,0.000002,0.000064,0.05,0,0,7,batch,0,yes,photoautotrophic,carbon dioxide,glucose,sodium nitrate,initial,none,single-stage,purple-pink,mBBM,fluorescent,0.02,Chlorella vulgaris
HB,mixotrophic,stationary,0.2,28,81,0,12,2,0.04,yes,0.041207,0.053215,0,0.399987,0.25,0.083931,0.006816,0.001004,0.000002,0.000064,0.05,0,0,7,batch,0,yes,photoautotrophic,carbon dioxide,glucose,sodium nitrate,initial,none,single-stage,purple-pink,mBBM,fluorescent,0.02,Chlorella vulgaris
HB,mixotrophic,stationary,0.2,28,81,0,12,2,0.04,yes,0.041207,0.053215,0,0.399987,1.25,0.083931,0.006816,0.001004,0.000002,0.000064,0.05,0,0,7,batch,0,yes,photoautotrophic,carbon dioxide,glucose,sodium nitrate,initial,none,single-stage,purple-pink,mBBM,fluorescent,0.02,Chlorella vulgaris
LB,photoautotrophic,stationary,0.1,15,67,0,12,7,0.04,yes,0.412063,0.088998,2.401771,0,1,0.224431,0.005453,0.002009,0.000009,0.00002,0,0,0,9.5,batch,0,no,photoautotrophic,"sodium bicarbonate, carbon dioxide",none,sodium nitrate,constant,potassium hydroxide,single-stage,,mZarrouck,,1,Chlorella variabilis
LB,photoautotrophic,stationary,0.1,15,67,0,12,7,2,yes,0.412063,0.088998,2.401771,0,1,0.224431,0.005453,0.002009,0.000009,0.00002,0,0,0,9.5,batch,0,no,photoautotrophic,"sodium bicarbonate, carbon dioxide",none,sodium nitrate,constant,potassium hydroxide,single-stage,,mZarrouck,,1,Chlorella variabilis
LB,photoautotrophic,stationary,0.1,15,67,0,12,7,5,yes,0.412063,0.088998,2.401771,0,1,0.224431,0.005453,0.002009,0.000009,0.00002,0,0,0,9.5,batch,0,no,photoautotrophic,"sodium bicarbonate, carbon dioxide",none,sodium nitrate,constant,potassium hydroxide,single-stage,,mZarrouck,,1,Chlorella variabilis
LB,photoautotrophic,stationary,0.1,15,67,0,12,7,0,no,0.412063,0.088998,2.401771,0,1,0.224431,0.005453,0.002009,0.000009,0.00002,0,0,0,8,repeated fed-batch,0,no,photoautotrophic,sodium bicarbonate,none,sodium nitrate,constant,potassium hydroxide,single-stage,,mZarrouck,,1,Chlorella variabilis
LB,photoautotrophic,stationary,0.1,15,67,0,12,7,0,no,0.412063,0.088998,2.401771,0,1,0.224431,0.005453,0.002009,0.000009,0.00002,0,0,0,9.5,repeated fed-batch,0,no,photoautotrophic,sodium bicarbonate,none,sodium nitrate,constant,potassium hydroxide,single-stage,,mZarrouck,,1,Chlorella variabilis
LB,photoautotrophic,stationary,0.1,15,67,0,12,7,0,no,0.412063,0.088998,2.401771,0,1,0.224431,0.005453,0.002009,0.000009,0.00002,0,0,0,12,repeated fed-batch,0,no,photoautotrophic,sodium bicarbonate,none,sodium nitrate,constant,potassium hydroxide,single-stage,,mZarrouck,,1,Chlorella variabilis
HB,photoautotrophic,stationary,0.4,30,1200,0,24,8,1.5,yes,0.24724,0.00712,0.002266,0,0,0.017955,0.009815,0,0.00001,0.00002,0,0.001,0,7.4,batch,0,yes,photoautotrophic,"sodium carbonate, carbon dioxide",none,sodium nitrate,initial,none,single-stage,white,BG11,fluorescent,1,Chlorella fusca
HB,photoautotrophic,stationary,0.4,30,1200,0,24,8,1.5,yes,0.000005,0.00712,0.002266,0,1.5,0.017955,0.009815,0,0.00001,0.00002,0,0.001,0,7.4,batch,0,yes,photoautotrophic,"sodium carbonate, carbon dioxide",none,none,initial,none,single-stage,white,mBG11,fluorescent,1,Chlorella fusca
HB,photoautotrophic,stationary,1.4,30,100,0,24,10,0.03,yes,0.0879,0.0836,0,0,0,0.064,0.013632,0.019887,0.00652,0.007991,0,0.001,0,7,batch,0,yes,photoautotrophic,carbon dioxide,none,none,initial,none,single-stage,,mTAP,,0.1,Chlorella sp
HB,photoautotrophic,stationary,1.4,30,100,0,24,10,1,yes,0.0879,0.0836,0,0,0,0.064,0.013632,0.019887,0.00652,0.007991,0,0.001,0,7,batch,0,yes,photoautotrophic,carbon dioxide,none,none,initial,none,single-stage,,mTAP,,0.1,Chlorella sp
HB,photoautotrophic,stationary,1.4,30,100,0,24,10,2,yes,0.0879,0.0836,0,0,0,0.064,0.013632,0.019887,0.00652,0.007991,0,0.001,0,7,batch,0,yes,photoautotrophic,carbon dioxide,none,none,initial,none,single-stage,,mTAP,,0.1,Chlorella sp
HB,photoautotrophic,stationary,1.4,30,100,0,24,10,3,yes,0.0879,0.0836,0,0,0,0.064,0.013632,0.019887,0.00652,0.007991,0,0.001,0,7,batch,0,yes,photoautotrophic,carbon dioxide,none,none,initial,none,single-stage,,mTAP,,0.1,Chlorella sp
HB,photoautotrophic,stationary,1.4,30,100,0,24,10,5,yes,0.0879,0.0836,0,0,0,0.064,0.013632,0.019887,0.00652,0.007991,0,0.001,0,7,batch,0,yes,photoautotrophic,carbon dioxide,none,none,initial,none,single-stage,,mTAP,,0.1,Chlorella sp
HB,photoautotrophic,stationary,1.4,30,100,0,24,10,10,yes,0.0879,0.0836,0,0,0,0.064,0.013632,0.019887,0.00652,0.007991,0,0.001,0,7,batch,0,yes,photoautotrophic,carbon dioxide,none,none,initial,none,single-stage,,mTAP,,0.1,Chlorella sp
LB,photoautotrophic,stationary,5,25,350,0,24,10,0.04,yes,0.041253,0.053215,0,0,0.025,0.105534,0.006816,0.000799,0.000099,0.0004,0,0.05,0,,batch,0,yes,photoautotrophic,carbon dioxide,none,sodium nitrate,initial,none,single-stage,,BBM,fluorescent,0.3,Chlorella vulgaris
HB,photoautotrophic,stationary,5,25,350,0,24,10,3,yes,0.041253,0.053215,0,0,0.025,0.105534,0.006816,0.000799,0.000099,0.0004,0,0.05,0,,batch,0,yes,photoautotrophic,carbon dioxide,none,sodium nitrate,initial,none,single-stage,,BBM,fluorescent,0.3,Chlorella vulgaris
HB,photoheterotrophic,stationary,5,25,350,0,24,10,0,yes,0.041253,0.053215,0,0.146403,0.025,0.105534,0.006816,0.000799,0.000099,0.0004,0,0.05,0,,repeated fed-batch,0,yes,photoautotrophic,none,sodium acetate,sodium nitrate,initial,none,single-stage,,BBM,fluorescent,0.3,Chlorella vulgaris
HB,photoautotrophic,stationary,5,25,350,0,24,10,0,yes,0.041253,0.053215,0.071481,0,0.025,0.105534,0.006816,0.000799,0.000099,0.0004,0,0.05,0,,repeated fed-batch,0,yes,photoautotrophic,sodium bicarbonate,none,sodium nitrate,initial,none,single-stage,,BBM,fluorescent,0.3,Chlorella vulgaris
HB,photoheterotrophic,stationary,5,25,350,0,24,10,0,yes,0.041253,0.053215,0,0.179052,0.025,0.105534,0.006816,0.000799,0.000099,0.0004,0,0.05,0,,repeated fed-batch,0,yes,photoautotrophic,none,molasses,sodium nitrate,initial,none,single-stage,,BBM,fluorescent,0.3,Chlorella vulgaris
HB,photoautotrophic,stationary,5,25,350,0,24,8,0.04,yes,0.000047,0.053215,0,0,0.025,0.105534,0.006816,0.000799,0.000099,0.0004,0,0.05,0,,batch,0,yes,photoautotrophic,carbon dioxide,none,none,initial,none,single-stage,,mBBM,fluorescent,1,Chlorella vulgaris
HB,photoautotrophic,stationary,5,25,350,0,24,7,3,yes,0.000047,0.053215,0,0,0.025,0.105534,0.006816,0.000799,0.000099,0.0004,0,0.05,0,,batch,0,yes,photoautotrophic,carbon dioxide,none,none,initial,none,single-stage,,mBBM,fluorescent,1,Chlorella vulgaris
HB,photoheterotrophic,stationary,5,25,350,0,24,6,0,yes,0.000047,0.053215,0,0.146403,0.025,0.105534,0.006816,0.000799,0.000099,0.0004,0,0.05,0,,repeated fed-batch,0,yes,photoautotrophic,none,sodium acetate,none,initial,none,single-stage,,mBBM,fluorescent,1,Chlorella vulgaris
HB,photoautotrophic,stationary,5,25,350,0,24,6,0,yes,0.000047,0.053215,0.071481,0,0.025,0.105534,0.006816,0.000799,0.000099,0.0004,0,0.05,0,,repeated fed-batch,0,yes,photoautotrophic,sodium bicarbonate,none,none,initial,none,single-stage,,mBBM,fluorescent,1,Chlorella vulgaris
HB,photoheterotrophic,stationary,5,25,350,0,24,7,0,yes,0.000047,0.053215,0,0.179052,0.025,0.105534,0.006816,0.000799,0.000099,0.0004,0,0.05,0,,repeated fed-batch,0,yes,photoautotrophic,none,molasses,none,initial,none,single-stage,,mBBM,fluorescent,1,Chlorella vulgaris
HB,photoautotrophic,stationary,2.5,25,150,0,24,4,2,yes,0.024724,0.006675,0,0.00225,0,0.016832,0.006816,0.00002,0,0,0,0.00075,0,7,batch,0,yes,heterotrophic,none,none,sodium nitrate,initial,none,single-stage,,Allen,fluorescent,0.3,Chlorella pyrenoidosa
HB,photoautotrophic,stationary,2.5,25,150,0,24,4,2,yes,0.041206,0.053215,0,0,0,0.083931,0.006816,0.00002,0,0,0,0.00075,0,7,batch,0,yes,heterotrophic,none,none,sodium nitrate,initial,none,single-stage,,BBM,fluorescent,0.3,Chlorella pyrenoidosa
HB,photoautotrophic,stationary,2.5,25,150,0,24,4,2,yes,0.247235,0.00712,0,0.00225,0,0.017955,0.009815,0.00127,0,0.00002,0,0.001,0,7,batch,0,yes,heterotrophic,none,none,sodium nitrate,initial,none,single-stage,,BG11,fluorescent,0.3,Chlorella pyrenoidosa
HB,photoautotrophic,stationary,2.5,25,150,0,24,4,2,yes,0.082417,0.001749,0,0,0,0,0,0.000806,0.000012,0.000003,0,0.00435,0,7,batch,0,yes,heterotrophic,none,none,sodium nitrate,initial,none,single-stage,,F-Si,fluorescent,0.3,Chlorella pyrenoidosa
HB,photoautotrophic,stationary,2.5,25,150,0,24,4,2,yes,0.17327,0.222494,0,0,0,1.044463,0.022765,0.018308,0.00001,0.0004,0,0.05,0,7,batch,0,yes,heterotrophic,none,none,potassium nitrate,initial,none,single-stage,,SK,fluorescent,0.3,Chlorella pyrenoidosa
HB,photoautotrophic,stationary,2.5,25,150,0,24,4,2,yes,0.0467139,0.003974,0,0,0,0,0,0.002686,0.000495,0.000509,0,0.004,0,7,batch,0,yes,heterotrophic,none,none,urea,initial,none,single-stage,,Walne,fluorescent,0.3,Chlorella pyrenoidosa
LB,photoautotrophic,stationary,1,23,120,0,16,24,0.04,yes,0.248045,0.00712,0.002266,0.003906,0,0.017955,0.009815,0.000642,0.00001,0.00002,0,0.001,0,,batch,0,yes,photoautotrophic,"sodium carbonate, carbon dioxide",none,sodium nitrate,initial,none,single-stage,,BG11,fluorescent,0.01,Chlorella sp
LB,photoautotrophic,stationary,1,23,120,0,16,24,0.04,yes,0.124427,0.00712,0.002266,0.003906,0,0.017955,0.009815,0.000642,0.00001,0.00002,0,0.001,0,,batch,0,yes,photoautotrophic,"sodium carbonate, carbon dioxide",none,sodium nitrate,initial,none,single-stage,,mBG11,fluorescent,0.01,Chlorella sp
LB,photoautotrophic,stationary,1,23,120,0,16,24,0.04,yes,0.083221,0.00712,0.002266,0.003906,0,0.017955,0.009815,0.000642,0.00001,0.00002,0,0.001,0,,batch,0,yes,photoautotrophic,"sodium carbonate, carbon dioxide",none,sodium nitrate,initial,none,single-stage,,mBG11,fluorescent,0.01,Chlorella sp
LB,photoautotrophic,stationary,1,23,120,0,16,24,0.04,yes,0.062618,0.00712,0.002266,0.003906,0,0.017955,0.009815,0.000642,0.00001,0.00002,0,0.001,0,,batch,0,yes,photoautotrophic,"sodium carbonate, carbon dioxide",none,sodium nitrate,initial,none,single-stage,,mBG11,fluorescent,0.01,Chlorella sp
LB,photoautotrophic,stationary,2.4,25,70,0,12,10,0.02,yes,0.248045,0.00712,0.002266,0.003906,0,0.017955,0.009815,0.000642,0.00001,0.00002,0,0.001,0,8.3,batch,0,yes,photoautotrophic,"sodium carbonate, carbon dioxide",none,sodium nitrate,initial,none,single-stage,white,BG11,fluorescent,0.002,Chlorella sorokiniana
HB,photoautotrophic,stationary,2.4,25,70,0,12,10,5,yes,0.248045,0.00712,0.002266,0.003906,0,0.017955,0.009815,0.000642,0.00001,0.00002,0,0.001,0,6.7,batch,0,yes,photoautotrophic,"sodium carbonate, carbon dioxide",none,sodium nitrate,initial,none,single-stage,white,BG11,fluorescent,0.002,Chlorella sorokiniana
HB,photoautotrophic,stationary,2.4,25,70,0,12,10,10,yes,0.248045,0.00712,0.002266,0.003906,0,0.017955,0.009815,0.000642,0.00001,0.00002,0,0.001,0,5.7,batch,0,yes,photoautotrophic,"sodium carbonate, carbon dioxide",none,sodium nitrate,initial,none,single-stage,white,BG11,fluorescent,0.002,Chlorella sorokiniana
LB,photoautotrophic,stationary,2.4,25,70,0,12,10,15,yes,0.248045,0.00712,0.002266,0.003906,0,0.017955,0.009815,0.000642,0.00001,0.00002,0,0.001,0,5.3,batch,0,yes,photoautotrophic,"sodium carbonate, carbon dioxide",none,sodium nitrate,initial,none,single-stage,white,BG11,fluorescent,0.002,Chlorella sorokiniana
HB,photoautotrophic,stationary,0.25,25,130,0,14,8,1.5,yes,0.069286,0.222494,0,0,0,0.754432,0,0.001808,0.00001,0.00002,0,0.037,0,,batch,0,yes,photoautotrophic,carbon dioxide,none,potassium nitrate,initial,none,single-stage,,mTamiya,,0.01,Chlorella vulgaris
HB,photoautotrophic,stationary,0.25,25,130,0,14,8,1.5,yes,0.069286,0.222494,0,0,0,0.754432,0,0.001808,0.00001,0.00002,0,0.037,0,,batch,0,yes,photoautotrophic,carbon dioxide,none,potassium nitrate,initial,none,single-stage,,mTamiya,,0.01,Chlorella sp
LB,photoautotrophic,stationary,1,38.5,250,0,16,16,0.03,yes,0.041253,0.017336,0,0,0.025,0.038691,0.006543,0.001838,0.000099,0.0004,0,0,0,7,batch,0,yes,photoautotrophic,carbon dioxide,none,sodium nitrate,initial,none,single-stage,daylight,mBBM,sun,0.01,Chlorella pyrenoidosa
LB,photoautotrophic,stationary,1,28,50,0,24,16,0,no,0.041253,0.017336,0.643332,0,0.025,0.038691,0.006543,0.001838,0.000099,0.0004,0,0,0,7,batch,0,yes,photoautotrophic,sodium bicarbonate,none,sodium nitrate,initial,none,single-stage,,BBM,fluorescent,0.01,Chlorella pyrenoidosa
LB,photoautotrophic,stationary,1,38.5,250,0,16,16,0.03,yes,0.02065,0.017336,0,0,0.025,0.038691,0.006543,0.001838,0.000099,0.0004,0,0,0,7,batch,0,yes,photoautotrophic,carbon dioxide,none,sodium nitrate,initial,none,single-stage,daylight,mBBM,sun,0.01,Chlorella pyrenoidosa
LB,photoautotrophic,stationary,1,28,50,0,24,16,0,no,0.02065,0.017336,0.643332,0,0.025,0.038691,0.006543,0.001838,0.000099,0.0004,0,0,0,7,batch,0,yes,photoautotrophic,sodium bicarbonate,none,sodium nitrate,initial,none,single-stage,,mBBM,fluorescent,0.01,Chlorella pyrenoidosa
LB,photoautotrophic,stationary,1,28,50,0,24,16,0.03,yes,0.041253,0.017336,0,0,0.025,0.038691,0.006543,0.001838,0.000099,0.0004,0,0,0,7,batch,0,yes,photoautotrophic,carbon dioxide,none,sodium nitrate,initial,none,single-stage,,mBBM,fluorescent,0.01,Chlorella pyrenoidosa
LB,photoautotrophic,stationary,1,28,50,0,16,16,0,no,0.041253,0.017336,0.643332,0,0.025,0.038691,0.006543,0.001838,0.000099,0.0004,0,0,0,7,batch,0,yes,photoautotrophic,sodium bicarbonate,none,sodium nitrate,initial,none,single-stage,,BBM,fluorescent,0.1,Chlorella pyrenoidosa
HB,photoautotrophic,stationary,1,28,50,0,24,16,0,no,0.041253,0.017336,0.643332,0,0.025,0.038691,0.006543,0.001838,0.000099,0.0004,0,0,0,7,batch,0,yes,photoautotrophic,sodium bicarbonate,none,sodium nitrate,constant,carbon dioxide,single-stage,,BBM,fluorescent,0.01,Chlorella pyrenoidosa
HB,photoautotrophic,stationary,1,28,50,0,24,16,0,no,0.041253,0.017336,0.643332,0,0.025,0.038691,0.006543,0.001838,0.000099,0.0004,0,0,0,9,batch,0,yes,photoautotrophic,sodium bicarbonate,none,sodium nitrate,constant,carbon dioxide,single-stage,,BBM,fluorescent,0.01,Chlorella pyrenoidosa
LB,photoautotrophic,stationary,1,28,50,0,24,16,0,no,0.041253,0.017336,0.643332,0,0.025,0.038691,0.006543,0.001838,0.000099,0.0004,0,0,0,11,batch,0,yes,photoautotrophic,sodium bicarbonate,none,sodium nitrate,constant,carbon dioxide,single-stage,,BBM,fluorescent,0.01,Chlorella pyrenoidosa
HB,photoautotrophic,stationary,2.5,22,175,0,12,4,2,yes,0.082417,0.001749,0,0,0,0,0,0.000806,0.000012,0.000003,0,0.00435,0,7,batch,0,yes,heterotrophic,carbon dioxide,none,sodium nitrate,initial,none,single-stage,,mF-Si,fluorescent,0.3,Chlorella pyrenoidosa
HB,photoautotrophic,stationary,2.5,30,175,0,12,4,2,yes,0.082417,0.001749,0,0,0,0,0,0.000806,0.000012,0.000003,0,0.00435,0,7,batch,0,yes,heterotrophic,carbon dioxide,none,sodium nitrate,initial,none,single-stage,,mF-Si,fluorescent,0.3,Chlorella pyrenoidosa
HB,photoautotrophic,stationary,2.5,36,175,0,12,4,2,yes,0.082417,0.001749,0,0,0,0,0,0.000806,0.000012,0.000003,0,0.00435,0,7,batch,0,yes,heterotrophic,carbon dioxide,none,sodium nitrate,initial,none,single-stage,,mF-Si,fluorescent,0.3,Chlorella pyrenoidosa
HB,photoautotrophic,stationary,1.5,30,200,0,24,4,2,yes,0.082417,0.001749,0,0,0,0,0,0.000806,0.000012,0.000003,0,0.00435,0,7,batch,0,yes,heterotrophic,carbon dioxide,none,sodium nitrate,initial,none,single-stage,,mF-Si,fluorescent,0.3,Chlorella vulgaris
HB,photoautotrophic,stationary,1.5,30,200,0,24,4,2,yes,0.082417,0.001749,0,0,0,0,0,0.000806,0.000012,0.000003,0,0.00435,0,7,batch,0,yes,photoautotrophic,carbon dioxide,none,sodium nitrate,initial,none,single-stage,,mF-Si,fluorescent,0.3,Chlorella vulgaris
HB,photoautotrophic,stationary,0.1,25,150,120,24,14,5,yes,0.04001,0.077517,0.120099,0,0,0.307142,0.02004,0,0.000071,0.000083,0,0.027,0.009634,7,batch,0,yes,photoautotrophic,"sodium bicarbonate, carbon dioxide",none,potassium nitrate,constant,sodium hydroxide,single-stage,purple-pink,FreshwaterM,fluorescent,1.25,Chlorella vulgaris
HB,photoautotrophic,stationary,0.1,25,150,120,24,14,5,yes,0,0.077517,0.120099,0,0,0.19548,0.02004,0,0.000071,0.000083,0,0.027,0.009634,7,batch,0,yes,photoautotrophic,"sodium bicarbonate, carbon dioxide",none,none,constant,sodium hydroxide,single-stage,purple-pink,FreshwaterM,fluorescent,1.25,Chlorella vulgaris
HB,mixotrophic,stationary,1,25,60,300,24,8,0,no,0.123618,0.053215,0,3.999867,0.025,0.083931,0.006816,0.001033,0,0.000001,0,0,0,6.5,batch,0,no,photoheterotrophic,none,glucose,sodium nitrate,initial,hydrogen chloride,single-stage,white,mBristol-CZ-M1,fluorescent,0.01,Chlorella vulgaris
HB,mixotrophic,stationary,1,25,60,300,24,14,0,no,0.123618,0.053215,0,3.999867,0.025,0.083931,0.006816,0.001033,0,0.000001,0,0,0,6.5,batch,0,no,photoheterotrophic,none,fructose,sodium nitrate,initial,hydrogen chloride,single-stage,white,mBristol-CZ-M1,fluorescent,0.01,Chlorella vulgaris
LB,mixotrophic,stationary,1,25,60,300,24,10,0,no,0.123618,0.053215,0,3.999871,0.025,0.083931,0.006816,0.001033,0,0.000001,0,0,0,6.5,batch,0,no,photoheterotrophic,none,sucrose,sodium nitrate,initial,hydrogen chloride,single-stage,white,mBristol-CZ-M1,fluorescent,0.01,Chlorella vulgaris
LB,mixotrophic,stationary,1,25,60,300,24,10,0,no,0.123618,0.053215,0,3.998378,0.025,0.083931,0.006816,0.001033,0,0.000001,0,0,0,6.5,batch,0,no,photoheterotrophic,none,glycerol,sodium nitrate,initial,hydrogen chloride,single-stage,white,mBristol-CZ-M1,fluorescent,0.01,Chlorella vulgaris
LB,mixotrophic,stationary,1,25,60,300,24,10,0,no,0.123618,0.053215,0,4.00265,0.025,0.083931,0.006816,0.001033,0,0.000001,0,0,0,6.5,batch,0,no,photoheterotrophic,none,sodium acetate,sodium nitrate,initial,hydrogen chloride,single-stage,white,mBristol-CZ-M1,fluorescent,0.01,Chlorella vulgaris
HB,mixotrophic,stationary,1,25,60,300,24,12,0,no,0.123618,0.053215,0,3.999867,0.025,0.083931,0.006816,0.001033,0,0.000001,0,0,0,8.5,batch,0,no,photoheterotrophic,none,fructose,sodium nitrate,constant,hydrogen chloride,single-stage,white,mBristol-CZ-M1,fluorescent,0.01,Chlorella vulgaris
LB,mixotrophic,stationary,1,25,60,300,24,12,0,no,0.123618,0.053215,0,3.999871,0.025,0.083931,0.006816,0.001033,0,0.000001,0,0,0,8.5,batch,0,no,photoheterotrophic,none,sucrose,sodium nitrate,constant,hydrogen chloride,single-stage,white,mBristol-CZ-M1,fluorescent,0.01,Chlorella vulgaris
HB,mixotrophic,stationary,1,25,60,300,24,12,0,no,0.123618,0.053215,0,4.00265,0.025,0.083931,0.006816,0.001033,0,0.000001,0,0,0,8.5,batch,0,no,photoheterotrophic,none,sodium acetate,sodium nitrate,constant,hydrogen chloride,single-stage,white,mBristol-CZ-M1,fluorescent,0.01,Chlorella vulgaris
HB,mixotrophic,stationary,1,25,60,300,24,12,0,no,0.123618,0.053215,0,0.004,0.025,0.083931,0.006816,0.001033,0,0.000001,0,0,0,6,batch,0,no,photoheterotrophic,none,acetic acid,sodium nitrate,constant,acetic acid,single-stage,white,mBristol-CZ-M1,fluorescent,0.01,Chlorella vulgaris
HB,mixotrophic,stationary,1,25,60,300,24,12,0,no,0.123618,0.053215,0,0.004,0.025,0.083931,0.006816,0.001033,0,0.000001,0,0,0,6.5,batch,0,no,photoheterotrophic,none,acetic acid,sodium nitrate,constant,acetic acid,single-stage,white,mBristol-CZ-M1,fluorescent,0.01,Chlorella vulgaris
HB,mixotrophic,stationary,1,25,60,300,24,12,0,no,0.123618,0.053215,0,0.004,0.025,0.083931,0.006816,0.001033,0,0.000001,0,0,0,7,batch,0,no,photoheterotrophic,none,acetic acid,sodium nitrate,constant,acetic acid,single-stage,white,mBristol-CZ-M1,fluorescent,0.01,Chlorella vulgaris
HB,mixotrophic,stationary,1,25,60,300,24,12,0,no,0.123618,0.053215,0,0.004,0.025,0.083931,0.006816,0.001033,0,0.000001,0,0,0,7.5,batch,0,no,photoheterotrophic,none,acetic acid,sodium nitrate,constant,acetic acid,single-stage,white,mBristol-CZ-M1,fluorescent,0.01,Chlorella vulgaris
HB,mixotrophic,stationary,1,25,60,300,24,12,0,no,0.123618,0.053215,0,0.004,0.025,0.083931,0.006816,0.001033,0,0.000001,0,0,0,8,batch,0,no,photoheterotrophic,none,acetic acid,sodium nitrate,constant,acetic acid,single-stage,white,mBristol-CZ-M1,fluorescent,0.01,Chlorella vulgaris
HB,heterotrophic,stationary,0.1,24,0,120,0,8,0,no,0.334663,0.055038,0,15.999467,0.0057,0.086229,0.006816,0,0,0,0,0,0,6.5,batch,0,no,heterotrophic,none,glucose,peptone,initial,none,single-stage,no-color,mBristol,no-lamp,0.01,Chlorella saccharophila
LB,heterotrophic,stationary,0.1,24,0,120,0,8,0,no,0.334663,0.055038,0,19.911774,0.0057,0.086229,0.006816,0,0,0,0,0,0,6.5,batch,0,no,heterotrophic,none,"glucose, glycerol",peptone,initial,none,single-stage,no-color,mBristol,no-lamp,0.01,Chlorella saccharophila
HB,heterotrophic,stationary,0.1,24,0,120,0,8,0,no,0.608478,0.055038,0,17.955621,0.0057,0.086229,0.006816,0,0,0,0,0,0,6.5,batch,0,no,heterotrophic,none,"glucose, glycerol",peptone,initial,none,single-stage,no-color,mBristol,no-lamp,0.01,Chlorella saccharophila
LB,heterotrophic,stationary,0.1,24,0,120,0,8,0,no,0.334663,0.055038,0,9.955887,0.0057,0.086229,0.006816,0,0,0,0,0,0,6.5,batch,0,no,heterotrophic,none,"glucose, glycerol",peptone,initial,none,single-stage,no-color,mBristol,no-lamp,0.01,Chlorella saccharophila
HB,photoautotrophic,stationary,1,24,300,0,12,16,0,no,0.027526,0.00178,0.002266,0.013127,0,0.004489,0.039373,0.00798,0,0,0,0,0,,batch,0,no,photoautotrophic,sodium carbonate,none,calcium nitrate,initial,none,single-stage,white,CHU-10,fluorescent,0.2,Chlorella sp
HB,photoautotrophic,stationary,1,24,300,0,12,16,0,no,0,0.00178,0.002266,0.013127,0,0.004489,0,0.00798,0,0,0,0,0,,batch,0,no,photoautotrophic,sodium carbonate,none,none,initial,none,single-stage,white,mCHU-10,fluorescent,0.2,Chlorella sp
HB,photoautotrophic,stationary,1,24,300,0,12,16,0,no,0.027526,0,0.002266,0.013127,0,0,0.039373,0.00798,0,0,0,0,0,,batch,0,no,photoautotrophic,sodium carbonate,none,calcium nitrate,initial,none,single-stage,white,mCHU-10,fluorescent,0.2,Chlorella sp
HB,photoautotrophic,stationary,1,24,300,0,12,16,0,no,0.027526,0.00178,0.002266,0.013127,0,0.004489,0.039373,0,0,0,0,0,0,,batch,0,no,photoautotrophic,sodium carbonate,none,calcium nitrate,initial,none,single-stage,white,mCHU-10,fluorescent,0.2,Chlorella sp
HB,photoautotrophic,stationary,1,24,300,0,12,16,0,no,0,0,0.002266,0.013127,0,0,0,0,0,0,0,0,0,,batch,0,no,photoautotrophic,sodium carbonate,none,none,initial,none,single-stage,white,mCHU-10,fluorescent,0.2,Chlorella sp
LB,photoautotrophic,stationary,1,25,60,150,24,20,0,no,0.173674,0.284755,0.1428,0,0,0.842427,0.030153,0.010004,0.000992,0.003996,0,0.5,0,6.2,batch,0,no,photoautotrophic,sodium bicarbonate,none,sodium nitrate,initial,none,single-stage,white,mBM,fluorescent,0.02,Chlorella vulgaris
HB,photoautotrophic,stationary,1,25,60,150,24,20,2,yes,0.173674,0.284755,0,0,0,0.842427,0.030153,0.010004,0.000992,0.003996,0,0.5,0,6.2,batch,0,no,photoautotrophic,carbon dioxide,none,sodium nitrate,initial,none,single-stage,white,BM,fluorescent,0.02,Chlorella vulgaris
LB,heterotrophic,stationary,1,25,0,150,0,8,0,no,0.173674,0.284755,0,4,0,0.842427,0.030153,0.010004,0.000992,0.003996,0,0.5,0,6.2,batch,0,no,photoautotrophic,none,glucose,sodium nitrate,initial,none,single-stage,no-color,mBM,no-lamp,0.02,Chlorella vulgaris
HB,mixotrophic,stationary,1,25,60,150,24,8,0,no,0.173674,0.284755,0,4,0,0.842427,0.030153,0.010004,0.000992,0.003996,0,0.5,0,6.2,batch,0,no,photoautotrophic,none,glucose,sodium nitrate,initial,none,single-stage,white,mBM,fluorescent,0.02,Chlorella vulgaris
HB,mixotrophic,stationary,1,25,60,150,24,16,2,yes,0.173674,0.284755,0,4,0,0.842427,0.030153,0.010004,0.000992,0.003996,0,0.5,0,6.2,batch,0,no,photoautotrophic,carbon dioxide,glucose,sodium nitrate,initial,none,single-stage,white,mBM,fluorescent,0.02,Chlorella vulgaris
LB,photoautotrophic,stationary,1,25,60,150,24,17,0,no,0.123618,0.053215,0.1428,0,0.025,0.083931,0.006816,0.001033,0,0.000001,0,0,0,6.2,batch,0,no,photoautotrophic,sodium bicarbonate,none,sodium nitrate,initial,none,single-stage,white,mBristol-CZ-M1,fluorescent,0.02,Chlorella vulgaris
HB,photoautotrophic,stationary,1,25,60,150,24,17,2,yes,0.123618,0.053215,0,0,0.025,0.083931,0.006816,0.001033,0,0.000001,0,0,0,6.2,batch,0,no,photoautotrophic,carbon dioxide,none,sodium nitrate,initial,none,single-stage,white,mBristol-CZ-M1,fluorescent,0.02,Chlorella vulgaris
LB,heterotrophic,stationary,1,25,0,150,0,8,0,no,0.123618,0.053215,0,4,0.025,0.083931,0.006816,0.001033,0,0.000001,0,0,0,6.2,batch,0,no,photoautotrophic,none,glucose,sodium nitrate,initial,none,single-stage,no-color,mBristol-CZ-M1,no-lamp,0.02,Chlorella vulgaris
HB,mixotrophic,stationary,1,25,60,150,24,8,0,no,0.123618,0.053215,0,4,0.025,0.083931,0.006816,0.001033,0,0.000001,0,0,0,6.2,batch,0,no,photoautotrophic,none,glucose,sodium nitrate,initial,none,single-stage,white,mBristol-CZ-M1,fluorescent,0.02,Chlorella vulgaris
HB,mixotrophic,stationary,1,25,60,150,24,12,2,yes,0.123618,0.053215,0,4,0.025,0.083931,0.006816,0.001033,0,0.000001,0,0,0,6.2,batch,0,no,photoautotrophic,carbon dioxide,glucose,sodium nitrate,initial,none,single-stage,white,mBristol-CZ-M1,fluorescent,0.02,Chlorella vulgaris
LB,photoautotrophic,stationary,1,25,60,150,24,10,0,no,0.01401,0.001549,0.1446,0,0,0.003905,0.010033,0.000651,0.000002,0.000003,0,0.00436,0,6.2,batch,0,no,photoautotrophic,sodium bicarbonate,none,sodium nitrate,initial,none,single-stage,white,MBL,fluorescent,0.02,Chlorella vulgaris
LB,photoautotrophic,stationary,1,25,60,150,24,10,2,yes,0.01401,0.001549,0.001801,0,0,0.003905,0.010033,0.000651,0.000002,0.000003,0,0.00436,0,6.2,batch,0,no,photoautotrophic,carbon dioxide,none,sodium nitrate,initial,none,single-stage,white,mMBL,fluorescent,0.02,Chlorella vulgaris
LB,heterotrophic,stationary,1,25,0,150,0,16,0,no,0.01401,0.001549,0.001801,4,0,0.003905,0.010033,0.000651,0.000002,0.000003,0,0.00436,0,6.2,batch,0,no,photoautotrophic,none,glucose,sodium nitrate,initial,none,single-stage,no-color,mMBL,no-lamp,0.02,Chlorella vulgaris
LB,mixotrophic,stationary,1,25,60,150,24,16,0,no,0.01401,0.001549,0.001801,4,0,0.003905,0.010033,0.000651,0.000002,0.000003,0,0.00436,0,6.2,batch,0,no,photoautotrophic,none,glucose,sodium nitrate,initial,none,single-stage,white,mMBL,fluorescent,0.02,Chlorella vulgaris
HB,mixotrophic,stationary,1,25,60,150,24,8,2,yes,0.01401,0.001549,0.001801,4,0,0.003905,0.010033,0.000651,0.000002,0.000003,0,0.00436,0,6.2,batch,0,no,photoautotrophic,carbon dioxide,glucose,sodium nitrate,initial,none,single-stage,white,mMBL,fluorescent,0.02,Chlorella vulgaris
HB,photoautotrophic,stationary,1,25,60,150,24,20,2,yes,0.173674,0.284755,0,0,0,0.842427,0.030153,0.010004,0.000992,0.003996,0,0.5,0,6.5,batch,0,yes,photoautotrophic,carbon dioxide,none,potassium nitrate,initial,none,single-stage,white,BM,fluorescent,0.01,Chlorella vulgaris
HB,photoautotrophic,stationary,1,25,60,150,24,20,2,yes,0.087073,0.284755,0,0,0,0.600735,0.030153,0.010004,0.000992,0.003996,0,0.5,0,6.5,batch,0,yes,photoautotrophic,carbon dioxide,none,potassium nitrate,initial,none,single-stage,white,mBM,fluorescent,0.01,Chlorella vulgaris
HB,photoautotrophic,stationary,1,25,60,150,24,20,2,yes,0.043842,0.284755,0,0,0,0.480082,0.030153,0.010004,0.000992,0.003996,0,0.5,0,6.5,batch,0,yes,photoautotrophic,carbon dioxide,none,potassium nitrate,initial,none,single-stage,white,mBM,fluorescent,0.01,Chlorella vulgaris
LB,photoautotrophic,stationary,1,25,60,150,24,20,2,yes,0.022087,0.284755,0,0,0,0.419369,0.030153,0.010004,0.000992,0.003996,0,0.5,0,6.5,batch,0,yes,photoautotrophic,carbon dioxide,none,potassium nitrate,initial,none,single-stage,white,mBM,fluorescent,0.01,Chlorella vulgaris
LB,photoautotrophic,stationary,80,25,160,0,18,20,0,no,0.012362,0.001123,0,0,0,0,0,0.000651,0.000002,0.000003,0,0.00416,0,7,batch,0,yes,photoautotrophic,none,none,sodium nitrate,initial,sodium hydroxide,single-stage,purple-pink,F/2,LED,0.47,Chlorella vulgaris
LB,photoautotrophic,stationary,80,25,160,0,18,20,0,no,0.012362,0.001123,0.003574,0,0,0,0,0.000651,0.000002,0.000003,0,0.00416,0,7,batch,0,yes,photoautotrophic,sodium bicarbonate,none,sodium nitrate,initial,sodium hydroxide,single-stage,purple-pink,mF/2,LED,0.47,Chlorella vulgaris
LB,photoautotrophic,stationary,80,25,160,0,18,20,0,no,0.012362,0.001123,0.007148,0,0,0,0,0.000651,0.000002,0.000003,0,0.00416,0,7,batch,0,yes,photoautotrophic,sodium bicarbonate,none,sodium nitrate,initial,sodium hydroxide,single-stage,purple-pink,mF/2,LED,0.47,Chlorella vulgaris
LB,photoautotrophic,stationary,80,25,160,0,18,20,0,no,0.012362,0.001123,0.142963,0,0,0,0,0.000651,0.000002,0.000003,0,0.00416,0,7,batch,0,yes,photoautotrophic,sodium bicarbonate,none,sodium nitrate,initial,sodium hydroxide,single-stage,purple-pink,mF/2,LED,0.47,Chlorella vulgaris
LB,photoautotrophic,stationary,80,25,160,0,18,20,0,no,0.012362,0.001123,0.214444,0,0,0,0,0.000651,0.000002,0.000003,0,0.00416,0,7,batch,0,yes,photoautotrophic,sodium bicarbonate,none,sodium nitrate,initial,sodium hydroxide,single-stage,purple-pink,mF/2,LED,0.47,Chlorella vulgaris
LB,photoautotrophic,stationary,80,25,160,0,18,20,0,no,0.012362,0.001123,0.285925,0,0,0,0,0.000651,0.000002,0.000003,0,0.00416,0,7,batch,0,yes,photoautotrophic,sodium bicarbonate,none,sodium nitrate,initial,sodium hydroxide,single-stage,purple-pink,mF/2,LED,0.47,Chlorella vulgaris
LB,photoautotrophic,stationary,1,25,400,0,12,12,0.04,yes,0.248045,0.005429,0.002266,0.003906,0,0.01369,0.009815,0.000642,0.00001,0.00002,0,0.001,0,,batch,0,yes,photoautotrophic,"sodium carbonate, carbon dioxide",none,sodium nitrate,initial,none,single-stage,white,BG11,fluorescent,0.05,Chlorella sorokiniana
HB,mixotrophic,stationary,1,25,400,0,12,12,0.04,yes,0.248045,0.005429,0.002266,2.00384,0,0.01369,0.009815,0.000642,0.00001,0.00002,0,0.001,0,,batch,0,yes,photoautotrophic,"sodium carbonate, carbon dioxide",glucose,sodium nitrate,initial,none,single-stage,white,mBG11,fluorescent,0.05,Chlorella sorokiniana
HB,mixotrophic,stationary,1,25,400,0,12,12,0.04,yes,0.248045,0.005429,0.002266,4.003773,0,0.01369,0.009815,0.000642,0.00001,0.00002,0,0.001,0,,batch,0,yes,photoautotrophic,"sodium carbonate, carbon dioxide",glucose,sodium nitrate,initial,none,single-stage,white,mBG11,fluorescent,0.05,Chlorella sorokiniana
HB,mixotrophic,stationary,1,25,400,0,12,12,0.04,yes,0.248045,0.005429,0.002266,6.003706,0,0.01369,0.009815,0.000642,0.00001,0.00002,0,0.001,0,,batch,0,yes,photoautotrophic,"sodium carbonate, carbon dioxide",glucose,sodium nitrate,initial,none,single-stage,white,mBG11,fluorescent,0.05,Chlorella sorokiniana
HB,mixotrophic,stationary,1,25,400,0,12,12,0.04,yes,0.248045,0.005429,0.002266,8.00364,0,0.01369,0.009815,0.000642,0.00001,0.00002,0,0.001,0,,batch,0,yes,photoautotrophic,"sodium carbonate, carbon dioxide",glucose,sodium nitrate,initial,none,single-stage,white,mBG11,fluorescent,0.05,Chlorella sorokiniana
LB,mixotrophic,stationary,1,25,400,0,12,12,0.04,yes,0.248045,0.005429,0.002266,10.003573,0,0.01369,0.009815,0.000642,0.00001,0.00002,0,0.001,0,,batch,0,yes,photoautotrophic,"sodium carbonate, carbon dioxide",glucose,sodium nitrate,initial,none,single-stage,white,mBG11,fluorescent,0.05,Chlorella sorokiniana
LB,photoautotrophic,log,0.15,25,55,160,16,4,0,no,0.24885,0.00712,0.002266,0.003312,0,0.017955,0.009815,0.001283,0.00001,0.00002,0,0.001,0,7,batch,0,yes,photoautotrophic,sodium carbonate,none,sodium nitrate,initial,none,single-stage,,BG11,fluorescent,0.1,Chlorella vulgaris
HB,mixotrophic,log,0.15,25,55,160,16,4,0,no,0.24885,0.00712,0.002266,2.003245,0,0.017955,0.009815,0.001283,0.00001,0.00002,0,0.001,0,7,batch,0,yes,photoautotrophic,sodium carbonate,glucose,sodium nitrate,initial,none,single-stage,,mBG11,fluorescent,0.1,Chlorella vulgaris
HB,mixotrophic,log,0.15,25,55,160,16,4,0,no,0.24885,0.00712,0.002266,4.003178,0,0.017955,0.009815,0.001283,0.00001,0.00002,0,0.001,0,7,batch,0,yes,photoautotrophic,sodium carbonate,glucose,sodium nitrate,initial,none,single-stage,,mBG11,fluorescent,0.1,Chlorella vulgaris
HB,mixotrophic,log,0.15,25,55,160,16,4,0,no,0.24885,0.00712,0.002266,6.003112,0,0.017955,0.009815,0.001283,0.00001,0.00002,0,0.001,0,7,batch,0,yes,photoautotrophic,sodium carbonate,glucose,sodium nitrate,initial,none,single-stage,,mBG11,fluorescent,0.1,Chlorella vulgaris
HB,mixotrophic,log,0.15,25,55,160,16,4,0,no,0.24885,0.00712,0.002266,8.003045,0,0.017955,0.009815,0.001283,0.00001,0.00002,0,0.001,0,7,batch,0,yes,photoautotrophic,sodium carbonate,glucose,sodium nitrate,initial,none,single-stage,,mBG11,fluorescent,0.1,Chlorella vulgaris
HB,mixotrophic,log,0.15,25,55,160,16,4,0,no,0.24885,0.00712,0.002266,10.002979,0,0.017955,0.009815,0.001283,0.00001,0.00002,0,0.001,0,7,batch,0,yes,photoautotrophic,sodium carbonate,glucose,sodium nitrate,initial,none,single-stage,,mBG11,fluorescent,0.1,Chlorella vulgaris
HB,heterotrophic,log,0.15,25,0,160,0,4,0,no,0.24885,0.00712,0.002266,2.003245,0,0.017955,0.009815,0.001283,0.00001,0.00002,0,0.001,0,7,batch,0,yes,photoautotrophic,sodium carbonate,glucose,sodium nitrate,initial,none,single-stage,no-color,mBG11,no-lamp,0.1,Chlorella vulgaris
HB,heterotrophic,log,0.15,25,0,160,0,4,0,no,0.24885,0.00712,0.002266,4.003178,0,0.017955,0.009815,0.001283,0.00001,0.00002,0,0.001,0,7,batch,0,yes,photoautotrophic,sodium carbonate,glucose,sodium nitrate,initial,none,single-stage,no-color,mBG11,no-lamp,0.1,Chlorella vulgaris
HB,heterotrophic,log,0.15,25,0,160,0,4,0,no,0.24885,0.00712,0.002266,6.003112,0,0.017955,0.009815,0.001283,0.00001,0.00002,0,0.001,0,7,batch,0,yes,photoautotrophic,sodium carbonate,glucose,sodium nitrate,initial,none,single-stage,no-color,mBG11,no-lamp,0.1,Chlorella vulgaris
LB,heterotrophic,log,0.15,25,0,160,0,4,0,no,0.24885,0.00712,0.002266,8.003045,0,0.017955,0.009815,0.001283,0.00001,0.00002,0,0.001,0,7,batch,0,yes,photoautotrophic,sodium carbonate,glucose,sodium nitrate,initial,none,single-stage,no-color,mBG11,no-lamp,0.1,Chlorella vulgaris
LB,heterotrophic,log,0.15,25,0,160,0,4,0,no,0.24885,0.00712,0.002266,10.002979,0,0.017955,0.009815,0.001283,0.00001,0.00002,0,0.001,0,7,batch,0,yes,photoautotrophic,sodium carbonate,glucose,sodium nitrate,initial,none,single-stage,no-color,mBG11,no-lamp,0.1,Chlorella vulgaris
LB,photoautotrophic,stationary,0.15,25,55,160,16,10,0,no,0.24885,0.00712,0.002266,0.003312,0,0.017955,0.009815,0.001283,0.00001,0.00002,0,0.001,0,7,batch,0,yes,photoautotrophic,sodium carbonate,none,sodium nitrate,initial,none,single-stage,,BG11,fluorescent,0.1,Chlorella vulgaris
HB,mixotrophic,stationary,0.15,25,55,160,16,10,0,no,0.24885,0.00712,0.002266,2.003245,0,0.017955,0.009815,0.001283,0.00001,0.00002,0,0.001,0,7,batch,0,yes,photoautotrophic,sodium carbonate,glucose,sodium nitrate,initial,none,single-stage,,mBG11,fluorescent,0.1,Chlorella vulgaris
HB,mixotrophic,stationary,0.15,25,55,160,16,10,0,no,0.24885,0.00712,0.002266,4.003178,0,0.017955,0.009815,0.001283,0.00001,0.00002,0,0.001,0,7,batch,0,yes,photoautotrophic,sodium carbonate,glucose,sodium nitrate,initial,none,single-stage,,mBG11,fluorescent,0.1,Chlorella vulgaris
HB,mixotrophic,stationary,0.15,25,55,160,16,10,0,no,0.24885,0.00712,0.002266,6.003112,0,0.017955,0.009815,0.001283,0.00001,0.00002,0,0.001,0,7,batch,0,yes,photoautotrophic,sodium carbonate,glucose,sodium nitrate,initial,none,single-stage,,mBG11,fluorescent,0.1,Chlorella vulgaris
HB,mixotrophic,stationary,0.15,25,55,160,16,10,0,no,0.24885,0.00712,0.002266,8.003045,0,0.017955,0.009815,0.001283,0.00001,0.00002,0,0.001,0,7,batch,0,yes,photoautotrophic,sodium carbonate,glucose,sodium nitrate,initial,none,single-stage,,mBG11,fluorescent,0.1,Chlorella vulgaris
HB,mixotrophic,stationary,0.15,25,55,160,16,10,0,no,0.24885,0.00712,0.002266,10.002979,0,0.017955,0.009815,0.001283,0.00001,0.00002,0,0.001,0,7,batch,0,yes,photoautotrophic,sodium carbonate,glucose,sodium nitrate,initial,none,single-stage,,mBG11,fluorescent,0.1,Chlorella vulgaris
HB,heterotrophic,stationary,0.15,25,0,160,0,10,0,no,0.24885,0.00712,0.002266,2.003245,0,0.017955,0.009815,0.001283,0.00001,0.00002,0,0.001,0,7,batch,0,yes,photoautotrophic,sodium carbonate,glucose,sodium nitrate,initial,none,single-stage,no-color,mBG11,no-lamp,0.1,Chlorella vulgaris
HB,heterotrophic,stationary,0.15,25,0,160,0,10,0,no,0.24885,0.00712,0.002266,4.003178,0,0.017955,0.009815,0.001283,0.00001,0.00002,0,0.001,0,7,batch,0,yes,photoautotrophic,sodium carbonate,glucose,sodium nitrate,initial,none,single-stage,no-color,mBG11,no-lamp,0.1,Chlorella vulgaris
HB,heterotrophic,stationary,0.15,25,0,160,0,10,0,no,0.24885,0.00712,0.002266,6.003112,0,0.017955,0.009815,0.001283,0.00001,0.00002,0,0.001,0,7,batch,0,yes,photoautotrophic,sodium carbonate,glucose,sodium nitrate,initial,none,single-stage,no-color,mBG11,no-lamp,0.1,Chlorella vulgaris
HB,heterotrophic,stationary,0.15,25,0,160,0,10,0,no,0.24885,0.00712,0.002266,8.003045,0,0.017955,0.009815,0.001283,0.00001,0.00002,0,0.001,0,7,batch,0,yes,photoautotrophic,sodium carbonate,glucose,sodium nitrate,initial,none,single-stage,no-color,mBG11,no-lamp,0.1,Chlorella vulgaris
HB,heterotrophic,stationary,0.15,25,0,160,0,10,0,no,0.24885,0.00712,0.002266,10.002979,0,0.017955,0.009815,0.001283,0.00001,0.00002,0,0.001,0,7,batch,0,yes,photoautotrophic,sodium carbonate,glucose,sodium nitrate,initial,none,single-stage,no-color,mBG11,no-lamp,0.1,Chlorella vulgaris
LB,mixotrophic,stationary,1,25,106.55,0,12,83,0.04,yes,0.040412,0.005012,0.01787,0.058561,0,0.006319,0.0009,0.001377,0,0.000025,0,0,0,,batch,0,no,photoautotrophic,sodium bicarbonate,"sodium acetate, carbon dioxide",ammonium chloride,initial,none,single-stage,,SWW,LED,0.18,Chlorella pyrenoidosa
LB,mixotrophic,stationary,1,25,106.55,0,12,83,0.04,yes,0.040412,0.005012,0.01787,0.058561,5,0.006319,0.0009,0.001377,0,0.000025,0,0,0,,batch,0,no,photoautotrophic,sodium bicarbonate,"sodium acetate, carbon dioxide",ammonium chloride,initial,none,single-stage,,mSWW,LED,0.18,Chlorella pyrenoidosa
LB,mixotrophic,stationary,1,25,106.55,0,12,83,0.04,yes,0.040412,0.005012,0.01787,0.058561,10,0.006319,0.0009,0.001377,0,0.000025,0,0,0,,batch,0,no,photoautotrophic,sodium bicarbonate,"sodium acetate, carbon dioxide",ammonium chloride,initial,none,single-stage,,mSWW,LED,0.18,Chlorella pyrenoidosa
LB,mixotrophic,stationary,1,25,106.55,0,12,83,0.04,yes,0.040412,0.005012,0.01787,0.058561,20,0.006319,0.0009,0.001377,0,0.000025,0,0,0,,batch,0,no,photoautotrophic,sodium bicarbonate,"sodium acetate, carbon dioxide",ammonium chloride,initial,none,single-stage,,mSWW,LED,0.18,Chlorella pyrenoidosa
LB,mixotrophic,stationary,1,25,106.55,0,12,83,0.04,yes,0.040412,0.005012,0.01787,0.058561,30,0.006319,0.0009,0.001377,0,0.000025,0,0,0,,batch,0,no,photoautotrophic,sodium bicarbonate,"sodium acetate, carbon dioxide",ammonium chloride,initial,none,single-stage,,mSWW,LED,0.18,Chlorella pyrenoidosa
HB,heterotrophic,stationary,0.75,25,0,100,0,3,0,no,0.692811,0.284755,0,0.08,0,2.292585,0,0.007432,0.000002,0.000003,0,0,0,7,repeated fed-batch,0,yes,photoheterotrophic,none,acetic acid,potassium nitrate,constant,acetic acid,single-stage,no-color,mTamiya,no-lamp,1,Chlorella vulgaris
HB,heterotrophic,stationary,10,25,0,100,0,3,0,no,0.692811,0.284755,0,0.08,0,2.292585,0,0.007432,0.000002,0.000003,0,0,0,7,repeated fed-batch,0,yes,photoheterotrophic,none,acetic acid,potassium nitrate,constant,acetic acid,single-stage,no-color,mTamiya,no-lamp,2.5,Chlorella vulgaris
LB,heterotrophic,log,0.75,25,0,100,0,3,0,no,0.692811,0.284755,0,0.08,0,2.292585,0,0.007432,0.000002,0.000003,0,0,0,7,repeated fed-batch,0,yes,photoheterotrophic,none,glucose,potassium nitrate,constant,hydrogen chloride,single-stage,no-color,mTamiya,no-lamp,4,Chlorella vulgaris
HB,heterotrophic,log,0.75,25,0,100,0,3,0,no,0.692811,0.284755,0,0.08,0,2.292585,0,0.007432,0.000002,0.000003,0,0,0,7,repeated fed-batch,0,yes,photoheterotrophic,none,glucose,potassium nitrate,constant,hydrogen chloride,single-stage,no-color,mTamiya,no-lamp,1,Chlorella vulgaris
LB,photoautotrophic,stationary,0.5,28,45,150,24,21,0,no,0.027717,0.045561,0,0,0,0.134788,0.054526,0.000011,0.00001,0.00002,0,0.0745,0,7,batch,0,yes,photoautotrophic,none,none,potassium nitrate,initial,"sodium chloride, hydrogen chloride",single-stage,white,FOGG,fluorescent,0.2,Chlorella sp
LB,photoautotrophic,stationary,0.5,28,45,150,24,21,0,no,0.027717,0.045561,0,0,11.708,0.134788,0.054526,0.000011,0.00001,0.00002,0,0.0745,0,7,batch,0,yes,photoautotrophic,none,none,potassium nitrate,initial,"sodium chloride, hydrogen chloride",single-stage,white,mFOGG,fluorescent,0.2,Chlorella sp
LB,photoautotrophic,stationary,0.5,28,45,150,24,21,0,no,0.027717,0.045561,0,0,29.27,0.134788,0.054526,0.000011,0.00001,0.00002,0,0.0745,0,7,batch,0,yes,photoautotrophic,none,none,potassium nitrate,initial,"sodium chloride, hydrogen chloride",single-stage,white,mFOGG,fluorescent,0.2,Chlorella sp
LB,photoautotrophic,stationary,0.5,28,45,150,24,21,0,no,0.027717,0.045561,0,0,46.832,0.134788,0.054526,0.000011,0.00001,0.00002,0,0.0745,0,7,batch,0,yes,photoautotrophic,none,none,potassium nitrate,initial,"sodium chloride, hydrogen chloride",single-stage,white,mFOGG,fluorescent,0.2,Chlorella sp
LB,photoautotrophic,stationary,0.5,28,45,150,24,21,0,no,0.027717,0.045561,0,0,64.394,0.134788,0.054526,0.000011,0.00001,0.00002,0,0.0745,0,7,batch,0,yes,photoautotrophic,none,none,potassium nitrate,initial,"sodium chloride, hydrogen chloride",single-stage,white,mFOGG,fluorescent,0.2,Chlorella sp
LB,photoautotrophic,stationary,0.5,28,45,150,24,15,0,no,0.027717,0.045561,0,0,0,0.134788,0.054526,0.000011,0.00001,0.00002,0,0.0745,0,7,batch,0,yes,photoautotrophic,none,none,potassium nitrate,initial,"sodium chloride, hydrogen chloride",single-stage,white,FOGG,fluorescent,0.2,Chlorella sp
LB,photoautotrophic,stationary,0.5,28,45,150,24,15,0,no,0.027717,0.045561,0,0,0,0.134788,0.054526,0.000011,0.00001,0.00002,0,0.0745,0,7,batch,0,yes,photoautotrophic,none,none,potassium nitrate,initial,"sodium chloride, hydrogen chloride",single-stage,red,FOGG,fluorescent,0.2,Chlorella sp
LB,photoautotrophic,stationary,0.5,28,45,150,24,15,0,no,0.027717,0.045561,0,0,0,0.134788,0.054526,0.000011,0.00001,0.00002,0,0.0745,0,7,batch,0,yes,photoautotrophic,none,none,potassium nitrate,initial,"sodium chloride, hydrogen chloride",single-stage,yellow,FOGG,fluorescent,0.2,Chlorella sp
LB,photoautotrophic,stationary,0.5,28,45,150,24,15,0,no,0.027717,0.045561,0,0,0,0.134788,0.054526,0.000011,0.00001,0.00002,0,0.0745,0,7,batch,0,yes,photoautotrophic,none,none,potassium nitrate,initial,"sodium chloride, hydrogen chloride",single-stage,green,FOGG,fluorescent,0.2,Chlorella sp
LB,photoautotrophic,stationary,0.5,28,31.5,150,24,15,0,no,0.027717,0.045561,0,0,0,0.134788,0.054526,0.000011,0.00001,0.00002,0,0.0745,0,7,batch,0,yes,photoautotrophic,none,none,potassium nitrate,initial,"sodium chloride, hydrogen chloride",single-stage,white,FOGG,fluorescent,0.2,Chlorella sp
LB,photoautotrophic,stationary,0.5,28,40.5,150,24,15,0,no,0.027717,0.045561,0,0,0,0.134788,0.054526,0.000011,0.00001,0.00002,0,0.0745,0,7,batch,0,yes,photoautotrophic,none,none,potassium nitrate,initial,"sodium chloride, hydrogen chloride",single-stage,white,FOGG,fluorescent,0.2,Chlorella sp
LB,photoautotrophic,stationary,0.5,28,49.5,150,24,15,0,no,0.027717,0.045561,0,0,0,0.134788,0.054526,0.000011,0.00001,0.00002,0,0.0745,0,7,batch,0,yes,photoautotrophic,none,none,potassium nitrate,initial,"sodium chloride, hydrogen chloride",single-stage,white,FOGG,fluorescent,0.2,Chlorella sp
LB,photoautotrophic,stationary,0.5,28,49.5,150,24,15,0,no,0.027717,0.045561,0,0,0,0.134788,0.054526,0.000011,0.00001,0.00002,0,0.0745,0,5,batch,0,yes,photoautotrophic,none,none,potassium nitrate,initial,"sodium chloride, hydrogen chloride",single-stage,white,FOGG,fluorescent,0.2,Chlorella sp
LB,photoautotrophic,stationary,0.5,28,49.5,150,24,15,0,no,0.027717,0.045561,0,0,0,0.134788,0.054526,0.000011,0.00001,0.00002,0,0.0745,0,6,batch,0,yes,photoautotrophic,none,none,potassium nitrate,initial,"sodium chloride, hydrogen chloride",single-stage,white,FOGG,fluorescent,0.2,Chlorella sp
LB,photoautotrophic,stationary,0.5,28,49.5,150,24,15,0,no,0.027717,0.045561,0,0,0,0.134788,0.054526,0.000011,0.00001,0.00002,0,0.0745,0,7,batch,0,yes,photoautotrophic,none,none,potassium nitrate,initial,"sodium chloride, hydrogen chloride",single-stage,white,FOGG,fluorescent,0.2,Chlorella sp
LB,photoautotrophic,stationary,0.5,28,49.5,150,24,15,0,no,0.027717,0.045561,0,0,0,0.134788,0.054526,0.000011,0.00001,0.00002,0,0.0745,0,8,batch,0,yes,photoautotrophic,none,none,potassium nitrate,initial,"sodium chloride, hydrogen chloride",single-stage,white,FOGG,fluorescent,0.2,Chlorella sp
LB,photoautotrophic,stationary,0.5,28,49.5,150,24,15,0,no,0.027717,0.045561,0,0,0,0.134788,0.054526,0.000011,0.00001,0.00002,0,0.0745,0,7,batch,0,yes,photoautotrophic,none,none,potassium nitrate,initial,"sodium chloride, hydrogen chloride",single-stage,white,FOGG,fluorescent,0.2,Chlorella sp
LB,photoautotrophic,stationary,0.5,28,49.5,150,16,15,0,no,0.027717,0.045561,0,0,0,0.134788,0.054526,0.000011,0.00001,0.00002,0,0.0745,0,7,batch,0,yes,photoautotrophic,none,none,potassium nitrate,initial,"sodium chloride, hydrogen chloride",single-stage,white,FOGG,fluorescent,0.2,Chlorella sp
LB,photoautotrophic,stationary,0.5,28,49.5,150,8,15,0,no,0.027717,0.045561,0,0,0,0.134788,0.054526,0.000011,0.00001,0.00002,0,0.0745,0,7,batch,0,yes,photoautotrophic,none,none,potassium nitrate,initial,"sodium chloride, hydrogen chloride",single-stage,white,FOGG,fluorescent,0.2,Chlorella sp
HB,photoautotrophic,stationary,0.25,25,130,110,24,7,1,yes,0.248064,0.005434,0.071481,0.003906,0,0.013703,0.009815,0.000642,0.00001,0.00002,0,0.001,0,8.1,batch,0,yes,photoautotrophic,"sodium bicarbonate, carbon dioxide",none,urea,initial,none,single-stage,,mBG11,LED,0.01,Chlorella sp
HB,photoautotrophic,stationary,0.25,25,130,110,24,7,1,yes,0.248045,0.005434,0.071481,0.003906,0,0.013703,0.009815,0.000642,0.00001,0.00002,0,0.001,0,8.1,batch,0,yes,photoautotrophic,"sodium bicarbonate, carbon dioxide",none,sodium nitrate,initial,none,single-stage,,mBG11,LED,0.01,Chlorella sp
HB,photoautotrophic,stationary,0.25,25,130,110,24,7,1,yes,0.248045,0.005434,0.071481,0.003906,0,0.702043,0.009815,0.000642,0.00001,0.00002,0,0.001,0,8.1,batch,0,yes,photoautotrophic,"sodium bicarbonate, carbon dioxide",none,potassium nitrate,initial,none,single-stage,,mBG11,LED,0.01,Chlorella sp
LB,photoautotrophic,stationary,0.25,25,130,110,24,7,1,yes,0.248045,0.005434,0.071481,0.003906,0,0.013703,0.009815,0.000642,0.00001,0.00002,0,0.001,0,8.1,batch,0,yes,photoautotrophic,"sodium bicarbonate, carbon dioxide",none,ammonium nitrate,initial,none,single-stage,,mBG11,LED,0.01,Chlorella sp
LB,photoautotrophic,stationary,0.25,25,130,110,24,7,1,yes,0.248064,0.005434,0.071481,0.003906,0,0.013703,0.009815,0.000642,0.00001,0.00002,0,0.001,0,8.1,batch,0,yes,photoautotrophic,"sodium bicarbonate, carbon dioxide",none,ammonium chloride,initial,none,single-stage,,mBG11,LED,0.01,Chlorella sp
HB,mixotrophic,stationary,0.25,25,130,110,24,7,1,yes,0.248045,0.005434,0.071481,0.427682,0,0.013703,0.009815,0.000642,0.00001,0.00002,0,0.001,0,8.1,batch,0,yes,photoautotrophic,"sodium bicarbonate, carbon dioxide",ammonium acetate,ammonium acetate,initial,none,single-stage,,mBG11,LED,0.01,Chlorella sp
LB,photoautotrophic,stationary,0.25,25,130,110,24,7,1,yes,0.248045,0.005434,0.071481,0.003906,0,0.013703,0.009815,0.000642,0.00001,0.00002,0,0.001,0,8.1,batch,0,yes,photoautotrophic,"sodium bicarbonate, carbon dioxide",none,ammonium sulfate,initial,none,single-stage,,mBG11,LED,0.01,Chlorella sp
HB,photoautotrophic,stationary,0.25,25,130,110,24,7,1,yes,0.248045,0.005434,0.282636,0.003906,0,0.013703,0.009815,0.000642,0.00001,0.00002,0,0.001,0,8.1,batch,0,yes,photoautotrophic,"sodium bicarbonate, carbon dioxide",none,ammonium bicarbonate,initial,none,single-stage,,mBG11,LED,0.01,Chlorella sp
HB,photoautotrophic,stationary,0.5,25,180,250,24,9,1,yes,0.248064,0.005434,0.071481,0.003906,0,0.013703,0.009815,0.000642,0.00001,0.00002,0,0.001,0,8.1,batch,0,yes,photoautotrophic,"sodium bicarbonate, carbon dioxide",none,urea,initial,none,single-stage,,mBG11,LED,0.01,Chlorella sp
HB,photoautotrophic,log,0.5,25,180,250,24,4,1,yes,0.248064,0.005434,0.071481,0.003906,0,0.013703,0.009815,0.000642,0.00001,0.00002,0,0.001,0,8.1,batch,0,yes,photoautotrophic,"sodium bicarbonate, carbon dioxide",none,urea,initial,none,dual-stage,,mBG11,LED,0.01,Chlorella sp
HB,photoautotrophic,stationary,0.5,25,180,250,24,7,1,yes,0.248064,0.005434,0.071481,0.003906,0,0.013703,0.009815,0.000642,0.00001,0.00002,0,0.001,0,8.1,batch,0,yes,photoautotrophic,"sodium bicarbonate, carbon dioxide",none,urea,initial,none,dual-stage,,mBG11,LED,0.01,Chlorella sp
HB,photoautotrophic,stationary,2,27,360,100,24,8,0.04,yes,0.057692,0.097916,1.921417,0,0,0.154432,0.009024,0.002341,0,0.00002,0,0,0,7.5,batch,0,no,photoautotrophic,"sodium bicarbonate, carbon dioxide",none,sodium nitrate,constant,carbon dioxide,single-stage,purple-pink,mBM,fluorescent,0.1,Chlorella vulgaris
HB,photoautotrophic,stationary,2,27,360,100,24,6,0.04,yes,0.057692,0.097916,1.921417,0,0,0.154432,0.009024,0.002341,0,0.00002,0,0,0,8.5,batch,0,no,photoautotrophic,"sodium bicarbonate, carbon dioxide",none,sodium nitrate,constant,carbon dioxide,single-stage,purple-pink,mBM,fluorescent,0.1,Chlorella vulgaris
HB,photoautotrophic,stationary,2,27,360,100,24,6,0.04,yes,0.057692,0.097916,1.921417,0,0,0.154432,0.009024,0.002341,0,0.00002,0,0,0,9.5,batch,0,no,photoautotrophic,"sodium bicarbonate, carbon dioxide",none,sodium nitrate,constant,carbon dioxide,single-stage,purple-pink,mBM,fluorescent,0.1,Chlorella vulgaris
HB,photoautotrophic,stationary,2,27,360,100,24,8,0.04,yes,0.057692,0.097916,0,0,9.47,0.154432,0.009024,0.002341,0,0.00002,0,0,0,7.5,batch,0,no,photoautotrophic,carbon dioxide,none,sodium nitrate,constant,carbon dioxide,single-stage,purple-pink,mBM,fluorescent,0.1,Chlorella vulgaris
HB,photoautotrophic,stationary,2,27,360,100,24,6,0.04,yes,0.057692,0.097916,0,0,9.47,0.154432,0.009024,0.002341,0,0.00002,0,0,0,8.5,batch,0,no,photoautotrophic,carbon dioxide,none,sodium nitrate,constant,carbon dioxide,single-stage,purple-pink,mBM,fluorescent,0.1,Chlorella vulgaris
HB,photoautotrophic,stationary,2,27,360,100,24,6,0.04,yes,0.057692,0.097916,0,0,9.47,0.154432,0.009024,0.002341,0,0.00002,0,0,0,9.5,batch,0,no,photoautotrophic,carbon dioxide,none,sodium nitrate,constant,carbon dioxide,single-stage,purple-pink,mBM,fluorescent,0.1,Chlorella vulgaris
HB,photoautotrophic,stationary,0.6,25,400,0,24,9,2,yes,0.248045,0.006948,0.002266,0.003906,0,0.008761,0.009815,0.000642,0.00001,0.00002,0,0,0,,batch,0,no,photoautotrophic,"sodium carbonate, carbon dioxide",none,sodium nitrate,initial,none,single-stage,white,BG11,fluorescent,0.01,Chlorella sorokiniana
HB,photoautotrophic,stationary,0.6,25,400,0,24,9,2,yes,0.248045,0.006948,0.002266,0.003906,60,0.008761,0.009815,0.000642,0.00001,0.00002,0,0,0,,batch,0,no,photoautotrophic,"sodium carbonate, carbon dioxide",none,sodium nitrate,initial,none,single-stage,white,mBG11,fluorescent,0.01,Chlorella sorokiniana
HB,photoautotrophic,stationary,0.6,25,400,0,24,9,2,yes,0.248045,0.006948,0.002266,0.003906,60,0.008761,0.009815,0.000642,0.00001,0.00002,0,0,0,,batch,0,no,photoautotrophic,"sodium carbonate, carbon dioxide",none,sodium nitrate,initial,none,dual-stage,white,mBG11,fluorescent,0.01,Chlorella sorokiniana
LB,photoautotrophic,stationary,1,25,100,300,12,30,0.04,yes,0.008241,0.037269,0,0,0.025,0.279854,0.006816,0.100036,0,0.000008,0,0,0,7,batch,0,yes,photoautotrophic,none,none,sodium nitrate,initial,none,single-stage,white,mBBM,fluorescent,0.01,Chlorella sorokiniana
LB,photoautotrophic,log,1,25,100,300,12,30,0.04,yes,0.205205,0.037269,0,0,0.025,0.279854,0.006816,0.100036,0,0.000008,0,0,0,7,batch,0,yes,photoautotrophic,none,none,sodium nitrate,initial,none,single-stage,white,mBBM,fluorescent,0.01,Chlorella sorokiniana
"Additional Data, not used for training just third validation test",,,,,,,,,,,,,,,,,,,,,,,,,,,,,,,,,,,,,,,
LL,photoautotrophic,stationary,1,24,108,0,16,25,0.04,yes,0.041206,0.053215,0,0,0.025,0.083952,0.000682,0.001,0.000106,0.0004,0,0,0,7.3,batch,0,yes,photoautotrophic,carbon dioxide,none,sodium nitrate,initial,none,single-stage,,BBM,fluorescent,0.1,Chlorella zachariaii
HL,photoautotrophic,log,0.25,25,74,120,16,15,0,no,1.236986,0.005589,0,0.003906,0,0.014094,0.010006,0.000642,0.00001,0.00002,0,0.001,0,7.4,batch,0,yes,photoautotrophic,none,none,sodium nitrate,initial,none,single-stage,,mBG11,,0.3,Chlorella vulgaris
HL,photoautotrophic,log,0.25,25,74,120,16,15,0,no,1.236986,0.005589,0,0.003906,23.38,0.014094,0.010006,0.000642,0.00001,0.00002,0,0.001,0,7.4,batch,0,yes,photoautotrophic,none,none,sodium nitrate,initial,none,single-stage,,mBG11,,0.3,Chlorella vulgaris
HL,photoautotrophic,log,0.25,25,74,120,16,15,0,no,1.236986,0.005589,0,0.003906,3.76,0.014094,0.010006,0.000642,0.00001,0.00002,0,0.001,0,7.4,batch,0,yes,photoautotrophic,none,none,sodium nitrate,initial,none,single-stage,,mBG11,,0.3,Chlorella vulgaris
HL,photoautotrophic,log,0.25,25,74,120,16,15,0,no,1.236986,0.005589,0,0.003906,4.91,0.014094,0.010006,0.000642,0.00001,0.00002,0,0.001,0,7.4,batch,0,yes,photoautotrophic,none,none,sodium nitrate,initial,none,single-stage,,mBG11,,0.3,Chlorella vulgaris
HL,photoautotrophic,log,0.25,25,74,120,16,15,0,no,1.236986,0.005589,0,0.003906,6.07,0.014094,0.010006,0.000642,0.00001,0.00002,0,0.001,0,7.4,batch,0,yes,photoautotrophic,none,none,sodium nitrate,initial,none,single-stage,,mBG11,,0.3,Chlorella vulgaris
HL,photoautotrophic,log,0.25,25,74,120,16,15,0,no,1.236986,0.005589,0,0.003906,17.61,0.014094,0.010006,0.000642,0.00001,0.00002,0,0.001,0,7.4,batch,0,yes,photoautotrophic,none,none,sodium nitrate,initial,none,single-stage,,mBG11,,0.3,Chlorella vulgaris
LL,mixotrophic,stationary,0.8,20,0,90,0,33,0.04,yes,0,0.005589,0,16.003906,0,0.014094,0.010006,0.000642,0.00001,0.00002,0,0.001,0,7.5,batch,0,yes,heterotrophic,carbon dioxide,glucose,none,constant,phosphate,single-stage,no-color,mBG11,no-lamp,0.01,Chlorella vulgaris
LL,mixotrophic,stationary,0.8,10,0,90,0,23,0.04,yes,1.236986,0,0,10.813906,0,0,0.010006,0.000642,0.00001,0.00002,0,0.001,0,7.5,batch,0,yes,heterotrophic,carbon dioxide,glucose,sodium nitrate,constant,tris(hydroxymethyl)aminomethane,single-stage,no-color,mBG11,no-lamp,0.01,Chlorella vulgaris
LL,heterotrophic,stationary,0.15,30,0,150,0,2,0,no,0.041206,0.053215,0,0.01441,0.025,0.083952,0.000682,0.001,0.000106,0.0004,0,0,0,,batch,0,yes,heterotrophic,none,glucose,sodium nitrate,initial,none,single-stage,no-color,BBM,no-lamp,0.01,Chlorella sorokiniana
HL,heterotrophic,stationary,0.15,30,0,150,0,2,0,no,0.041206,0.053215,0,0.1441,0.025,0.083952,0.000682,0.001,0.000106,0.0004,0,0,0,,batch,0,yes,heterotrophic,none,glucose,sodium nitrate,initial,none,single-stage,no-color,BBM,no-lamp,0.01,Chlorella sorokiniana
HL,heterotrophic,stationary,0.15,30,0,150,0,2,0,no,0.041206,0.053215,0,14.41,0.025,0.083952,0.000682,0.001,0.000106,0.0004,0,0,0,,batch,0,yes,heterotrophic,none,glucose,sodium nitrate,initial,none,single-stage,no-color,BBM,no-lamp,0.01,Chlorella sorokiniana
LL,heterotrophic,stationary,0.15,30,0,150,0,2,0,no,0.041206,0.053215,0,1.441,0.025,0.083952,0.000682,0.001,0.000106,0.0004,0,0,0,,batch,0,yes,heterotrophic,none,fructose,sodium nitrate,initial,none,single-stage,no-color,BBM,no-lamp,0.01,Chlorella sorokiniana
HL,heterotrophic,stationary,0.15,30,0,150,0,2,0,no,0.041206,0.053215,0,1.441,0.025,0.083952,0.000682,0.001,0.000106,0.0004,0,0,0,,batch,0,yes,heterotrophic,none,glucose,sodium nitrate,initial,none,single-stage,no-color,BBM,no-lamp,0.01,Chlorella sorokiniana
HL,heterotrophic,stationary,0.15,30,0,150,0,2,0,no,0.041206,0.053215,0,1.441,0.025,0.083952,0.000682,0.001,0.000106,0.0004,0,0,0,,batch,0,yes,heterotrophic,none,sodium acetate,sodium nitrate,initial,none,single-stage,no-color,BBM,no-lamp,0.01,Chlorella sorokiniana
HL,photoautotrophic,stationary,0.15,30,70,100,24,7,0,no,0.03,0.00342,0,0,0.007,0.00431,0.00144,0,0.000002,0.001975,0,0,0,,batch,0,no,photoautotrophic,none,none,ammonium chloride,initial,none,single-stage,white,SWW,fluorescent,0.05,Chlorella vulgaris
HL,photoautotrophic,,0.15,30,140,100,24,7,0,no,0.03,0.00342,0,0,0.007,0.00431,0.00144,0,0.000002,0.001975,0,0,0,,batch,0,no,photoautotrophic,none,none,ammonium chloride,initial,none,single-stage,white,SWW,fluorescent,0.13,Chlorella vulgaris
LL,photoautotrophic,log,0.15,30,70,100,24,7,0,no,0.03,0.00342,0,0,0.007,0.00431,0.00144,0,0.000002,0.001975,0,0,0,,batch,0,no,photoautotrophic,none,none,ammonium chloride,initial,none,single-stage,blue,SWW,fluorescent,0.02,Chlorella vulgaris
LL,photoautotrophic,,0.15,30,140,100,24,7,0,no,0.03,0.00342,0,0,0.007,0.00431,0.00144,0,0.000002,0.001975,0,0,0,,batch,0,no,photoautotrophic,none,none,ammonium chloride,initial,none,single-stage,blue,SWW,fluorescent,0.1,Chlorella vulgaris
HL,photoautotrophic,stationary,0.15,30,70,100,24,7,0,no,0.03,0.00342,0,0,0.007,0.00431,0.00144,0,0.000002,0.001975,0,0,0,,batch,0,no,photoautotrophic,none,none,ammonium chloride,initial,none,single-stage,violet,SWW,fluorescent,0.02,Chlorella vulgaris
HL,photoautotrophic,stationary,0.15,30,140,100,24,7,0,no,0.03,0.00342,0,0,0.007,0.00431,0.00144,0,0.000002,0.001975,0,0,0,,batch,0,no,photoautotrophic,none,none,ammonium chloride,initial,none,single-stage,violet,SWW,fluorescent,0.1,Chlorella vulgaris
LLP,photoautotrophic,stationary,1,24,108,0,16,25,0.04,yes,0.041206,0.053215,0,0,0.025,0.083952,0.000682,0.001,0.000106,0.0004,0,0,0,7.3,batch,0,yes,photoautotrophic,carbon dioxide,none,sodium nitrate,initial,none,single-stage,,BBM,fluorescent,0.1,Chlorella sp
LLP,photoautotrophic,log,0.25,25,74,120,16,15,0,no,1.236986,0.005589,0,0.003906,0,0.014094,0.010006,0.000642,0.00001,0.00002,0,0.001,0,7.4,batch,0,yes,photoautotrophic,none,none,sodium nitrate,initial,none,single-stage,,mBG11,,0.3,Chlorella vulgaris
LLP,photoautotrophic,log,0.25,25,74,120,16,15,0,no,1.236986,0.005589,0,0.003906,23.38,0.014094,0.010006,0.000642,0.00001,0.00002,0,0.001,0,7.4,batch,0,yes,photoautotrophic,none,none,sodium nitrate,initial,none,single-stage,,mBG11,,0.3,Chlorella vulgaris
LLP,photoautotrophic,log,0.25,25,74,120,16,15,0,no,1.236986,0.005589,0,0.003906,3.76,0.014094,0.010006,0.000642,0.00001,0.00002,0,0.001,0,7.4,batch,0,yes,photoautotrophic,none,none,sodium nitrate,initial,none,single-stage,,mBG11,,0.3,Chlorella vulgaris
LLP,photoautotrophic,log,0.25,25,74,120,16,15,0,no,1.236986,0.005589,0,0.003906,4.91,0.014094,0.010006,0.000642,0.00001,0.00002,0,0.001,0,7.4,batch,0,yes,photoautotrophic,none,none,sodium nitrate,initial,none,single-stage,,mBG11,,0.3,Chlorella vulgaris
LLP,photoautotrophic,log,0.25,25,74,120,16,15,0,no,1.236986,0.005589,0,0.003906,6.07,0.014094,0.010006,0.000642,0.00001,0.00002,0,0.001,0,7.4,batch,0,yes,photoautotrophic,none,none,sodium nitrate,initial,none,single-stage,,mBG11,,0.3,Chlorella vulgaris
LLP,photoautotrophic,log,0.25,25,74,120,16,15,0,no,1.236986,0.005589,0,0.003906,17.61,0.014094,0.010006,0.000642,0.00001,0.00002,0,0.001,0,7.4,batch,0,yes,photoautotrophic,none,none,sodium nitrate,initial,none,single-stage,,mBG11,,0.3,Chlorella vulgaris
HLP,mixotrophic,stationary,0.8,20,0,90,0,33,0.04,yes,0,0.005589,0,16.003906,0,0.014094,0.010006,0.000642,0.00001,0.00002,0,0.001,0,7.5,batch,0,yes,heterotrophic,carbon dioxide,glucose,none,constant,none,single-stage,no-color,mBG11,no-lamp,0.01,Chlorella vulgaris
HLP,mixotrophic,stationary,0.8,10,0,90,0,23,0.04,yes,1.236986,0,0,10.813906,0,0,0.010006,0.000642,0.00001,0.00002,0,0.001,0,7.5,batch,0,yes,heterotrophic,carbon dioxide,glucose,sodium nitrate,constant,none,single-stage,no-color,mBG11,no-lamp,0.01,Chlorella vulgaris
LLP,heterotrophic,stationary,0.15,30,0,150,0,2,0,no,0.041206,0.053215,0,0.01441,0.025,0.083952,0.000682,0.001,0.000106,0.0004,0,0,0,,batch,0,yes,heterotrophic,none,glucose,sodium nitrate,initial,none,single-stage,no-color,BBM,no-lamp,0.01,Chlorella sorokiniana
HLP,heterotrophic,stationary,0.15,30,0,150,0,2,0,no,0.041206,0.053215,0,0.1441,0.025,0.083952,0.000682,0.001,0.000106,0.0004,0,0,0,,batch,0,yes,heterotrophic,none,glucose,sodium nitrate,initial,none,single-stage,no-color,BBM,no-lamp,0.01,Chlorella sorokiniana
HLP,heterotrophic,stationary,0.15,30,0,150,0,2,0,no,0.041206,0.053215,0,14.41,0.025,0.083952,0.000682,0.001,0.000106,0.0004,0,0,0,,batch,0,yes,heterotrophic,none,glucose,sodium nitrate,initial,none,single-stage,no-color,BBM,no-lamp,0.01,Chlorella sorokiniana
HLP,heterotrophic,stationary,0.15,30,0,150,0,2,0,no,0.041206,0.053215,0,1.441,0.025,0.083952,0.000682,0.001,0.000106,0.0004,0,0,0,,batch,0,yes,heterotrophic,none,fructose,sodium nitrate,initial,none,single-stage,no-color,BBM,no-lamp,0.01,Chlorella sorokiniana
HLP,heterotrophic,stationary,0.15,30,0,150,0,2,0,no,0.041206,0.053215,0,1.441,0.025,0.083952,0.000682,0.001,0.000106,0.0004,0,0,0,,batch,0,yes,heterotrophic,none,glucose,sodium nitrate,initial,none,single-stage,no-color,BBM,no-lamp,0.01,Chlorella sorokiniana
HLP,heterotrophic,stationary,0.15,30,0,150,0,2,0,no,0.041206,0.053215,0,1.441,0.025,0.083952,0.000682,0.001,0.000106,0.0004,0,0,0,,batch,0,yes,heterotrophic,none,sodium acetate,sodium nitrate,initial,none,single-stage,no-color,BBM,no-lamp,0.01,Chlorella sorokiniana
LLP,photoautotrophic,stationary,0.15,30,70,100,24,7,0,no,0.03,0.00342,0,0,0.007,0.00431,0.00144,0,0.000002,0.001975,0,0,0,,batch,0,no,photoautotrophic,none,none,ammonium chloride,initial,none,single-stage,white,SWW,fluorescent,0.05,Chlorella vulgaris
HLP,photoautotrophic,stationary,0.15,30,140,100,24,7,0,no,0.03,0.00342,0,0,0.007,0.00431,0.00144,0,0.000002,0.001975,0,0,0,,batch,0,no,photoautotrophic,none,none,ammonium chloride,initial,none,single-stage,white,SWW,fluorescent,0.13,Chlorella vulgaris
LLP,photoautotrophic,log,0.15,30,70,100,24,7,0,no,0.03,0.00342,0,0,0.007,0.00431,0.00144,0,0.000002,0.001975,0,0,0,,batch,0,no,photoautotrophic,none,none,ammonium chloride,initial,none,single-stage,blue,SWW,fluorescent,0.02,Chlorella vulgaris
LLP,photoautotrophic,,0.15,30,140,100,24,7,0,no,0.03,0.00342,0,0,0.007,0.00431,0.00144,0,0.000002,0.001975,0,0,0,,batch,0,no,photoautotrophic,none,none,ammonium chloride,initial,none,single-stage,blue,SWW,fluorescent,0.1,Chlorella vulgaris
LLP,photoautotrophic,stationary,0.15,30,70,100,24,7,0,no,0.03,0.00342,0,0,0.007,0.00431,0.00144,0,0.000002,0.001975,0,0,0,,batch,0,no,photoautotrophic,none,none,ammonium chloride,initial,none,single-stage,violet,SWW,fluorescent,0.02,Chlorella vulgaris
LLP,photoautotrophic,stationary,0.15,30,140,100,24,7,0,no,0.03,0.00342,0,0,0.007,0.00431,0.00144,0,0.000002,0.001975,0,0,0,,batch,0,no,photoautotrophic,none,none,ammonium chloride,initial,none,single-stage,violet,SWW,fluorescent,0.1,Chlorella vulgaris
LB,photoautotrophic,stationary,1,24,108,0,16,25.00,0.04,yes,0.041206,0.053215,0,0,0.025,0.083952,0.000682,0.001,0.000106,0.0004,0,0,0,7.3,batch,0,yes,photoautotrophic,carbon dioxide,none,sodium nitrate,initial,none,single-stage,,BBM,fluorescent,0.1,Chlorella sp
LB,photoautotrophic,log,0.25,25,74,120,16,15.00,0,no,1.236986,0.005589,0,0.003906,0,0.014094,0.010006,0.000642,0.00001,0.00002,0,0.001,0,7.4,batch,0,yes,photoautotrophic,none,none,sodium nitrate,initial,none,single-stage,,mBG11,,0.3,Chlorella vulgaris
LB,photoautotrophic,log,0.25,25,74,120,16,15.00,0,no,1.236986,0.005589,0,0.003906,23.38,0.014094,0.010006,0.000642,0.00001,0.00002,0,0.001,0,7.4,batch,0,yes,photoautotrophic,none,none,sodium nitrate,initial,none,single-stage,,mBG11,,0.3,Chlorella vulgaris
LB,photoautotrophic,log,0.25,25,74,120,16,15.00,0,no,1.236986,0.005589,0,0.003906,3.76,0.014094,0.010006,0.000642,0.00001,0.00002,0,0.001,0,7.4,batch,0,yes,photoautotrophic,none,none,sodium nitrate,initial,none,single-stage,,mBG11,,0.3,Chlorella vulgaris
LB,photoautotrophic,log,0.25,25,74,120,16,15.00,0,no,1.236986,0.005589,0,0.003906,4.91,0.014094,0.010006,0.000642,0.00001,0.00002,0,0.001,0,7.4,batch,0,yes,photoautotrophic,none,none,sodium nitrate,initial,none,single-stage,,mBG11,,0.3,Chlorella vulgaris
LB,photoautotrophic,log,0.25,25,74,120,16,15.00,0,no,1.236986,0.005589,0,0.003906,6.07,0.014094,0.010006,0.000642,0.00001,0.00002,0,0.001,0,7.4,batch,0,yes,photoautotrophic,none,none,sodium nitrate,initial,none,single-stage,,mBG11,,0.3,Chlorella vulgaris
LB,photoautotrophic,log,0.25,25,74,120,16,15.00,0,no,1.236986,0.005589,0,0.003906,17.61,0.014094,0.010006,0.000642,0.00001,0.00002,0,0.001,0,7.4,batch,0,yes,photoautotrophic,none,none,sodium nitrate,initial,none,single-stage,,mBG11,,0.3,Chlorella vulgaris
HB,mixotrophic,stationary,0.8,20,0,90,0,33.00,0.04,yes,0,0.005589,0,16.003906,0,0.014094,0.010006,0.000642,0.00001,0.00002,0,0.001,0,7.5,batch,0,yes,heterotrophic,carbon dioxide,glucose,none,constant,none,single-stage,no-color,mBG11,no-lamp,0.01,Chlorella vulgaris
HB,mixotrophic,stationary,0.8,10,0,90,0,23.00,0.04,yes,1.236986,0,0,10.813906,0,0,0.010006,0.000642,0.00001,0.00002,0,0.001,0,7.5,batch,0,yes,heterotrophic,carbon dioxide,glucose,sodium nitrate,constant,none,single-stage,no-color,mBG11,no-lamp,0.01,Chlorella vulgaris
LB,heterotrophic,stationary,0.15,30,0,150,0,2.00,0,no,0.041206,0.053215,0,0.01441,0.025,0.083952,0.000682,0.001,0.000106,0.0004,0,0,0,,batch,0,yes,heterotrophic,none,glucose,sodium nitrate,initial,none,single-stage,no-color,BBM,no-lamp,0.01,Chlorella sorokiniana
HB,heterotrophic,stationary,0.15,30,0,150,0,2.00,0,no,0.041206,0.053215,0,0.1441,0.025,0.083952,0.000682,0.001,0.000106,0.0004,0,0,0,,batch,0,yes,heterotrophic,none,glucose,sodium nitrate,initial,none,single-stage,no-color,BBM,no-lamp,0.01,Chlorella sorokiniana
HB,heterotrophic,stationary,0.15,30,0,150,0,2.00,0,no,0.041206,0.053215,0,14.41,0.025,0.083952,0.000682,0.001,0.000106,0.0004,0,0,0,,batch,0,yes,heterotrophic,none,glucose,sodium nitrate,initial,none,single-stage,no-color,BBM,no-lamp,0.01,Chlorella sorokiniana
HB,heterotrophic,stationary,0.15,30,0,150,0,2.00,0,no,0.041206,0.053215,0,1.441,0.025,0.083952,0.000682,0.001,0.000106,0.0004,0,0,0,,batch,0,yes,heterotrophic,none,fructose,sodium nitrate,initial,none,single-stage,no-color,BBM,no-lamp,0.01,Chlorella sorokiniana
HB,heterotrophic,stationary,0.15,30,0,150,0,2.00,0,no,0.041206,0.053215,0,1.441,0.025,0.083952,0.000682,0.001,0.000106,0.0004,0,0,0,,batch,0,yes,heterotrophic,none,glucose,sodium nitrate,initial,none,single-stage,no-color,BBM,no-lamp,0.01,Chlorella sorokiniana
HB,heterotrophic,stationary,0.15,30,0,150,0,2.00,0,no,0.041206,0.053215,0,1.441,0.025,0.083952,0.000682,0.001,0.000106,0.0004,0,0,0,,batch,0,yes,heterotrophic,none,sodium acetate,sodium nitrate,initial,none,single-stage,no-color,BBM,no-lamp,0.01,Chlorella sorokiniana
LB,photoautotrophic,stationary,0.15,30,70,100,24,7,0,no,0.03,0.00342,0,0,0.007,0.00431,0.00144,0,0.000002,0.001975,0,0,0,,batch,0,no,photoautotrophic,none,none,ammonium chloride,initial,none,single-stage,white,SWW,fluorescent,0.05,Chlorella vulgaris
LB,photoautotrophic,stationary,0.15,30,140,100,24,7,0,no,0.03,0.00342,0,0,0.007,0.00431,0.00144,0,0.000002,0.001975,0,0,0,,batch,0,no,photoautotrophic,none,none,ammonium chloride,initial,none,single-stage,white,SWW,fluorescent,0.13,Chlorella vulgaris
LB,photoautotrophic,log,0.15,30,70,100,24,7,0,no,0.03,0.00342,0,0,0.007,0.00431,0.00144,0,0.000002,0.001975,0,0,0,,batch,0,no,photoautotrophic,none,none,ammonium chloride,initial,none,single-stage,blue,SWW,fluorescent,0.02,Chlorella vulgaris
LB,photoautotrophic,stationary,0.15,30,140,100,24,7,0,no,0.03,0.00342,0,0,0.007,0.00431,0.00144,0,0.000002,0.001975,0,0,0,,batch,0,no,photoautotrophic,none,none,ammonium chloride,initial,none,single-stage,blue,SWW,fluorescent,0.1,Chlorella vulgaris
LB,photoautotrophic,stationary,0.15,30,70,100,24,7,0,no,0.03,0.00342,0,0,0.007,0.00431,0.00144,0,0.000002,0.001975,0,0,0,,batch,0,no,photoautotrophic,none,none,ammonium chloride,initial,none,single-stage,,SWW,fluorescent,0.02,Chlorella vulgaris
LB,photoautotrophic,stationary,0.15,30,140,100,24,7,0,no,0.03,0.00342,0,0,0.007,0.00431,0.00144,0,0.000002,0.001975,0,0,0,,batch,0,no,photoautotrophic,none,none,ammonium chloride,initial,none,single-stage,,SWW,fluorescent,0.1,Chlorella vulgaris